Feature_Set,Model,R2,RMSE,MAE,MAPE_%,Training_Time_s
Deployment_Safe,Ridge,0.6785026647193466,3.0235133163136094,2.507283468140534,19.602963945293258,0.018142223358154297
Deployment_Safe,Linear Regression,0.6785009789022829,3.023521243414552,2.5072855785813464,19.602886506408886,0.0163576602935791
Deployment_Safe,Random Forest,0.6725345147641277,3.0514479260807508,2.49554549882638,19.517779651242734,2.706005096435547
Deployment_Safe,Gradient Boosting,0.666609288941217,3.078930916528819,2.573129271408983,20.334518370729153,2.240931272506714
Deployment_Safe,Extra Trees,0.6578641641354486,3.1190510250493046,2.5543736961062575,19.785609204202657,1.5924115180969238
Deployment_Safe,HistGradientBoosting,0.624090698874713,3.269374964580283,2.726372363921274,21.484910759512214,1.2899093627929688
Full,Linear Regression,0.7080241896959028,2.881354096580181,2.4495189832880095,19.105021872378796,0.14777517318725586
Full,Ridge,0.7080237116560293,2.8813564553399402,2.4494915972818183,19.10470059443095,0.08633852005004883
Full,Random Forest,0.7028628528384395,2.9067097778008346,2.4192500457582247,18.855978643826585,6.814036846160889
Full,Gradient Boosting,0.702176592600096,2.9100644726462632,2.418092306044516,18.941735528649044,2.369798183441162
Full,HistGradientBoosting,0.6767107107567594,3.0319277996812963,2.552094742594866,19.78106916751167,0.8803355693817139
Full,Extra Trees,0.6734333944090187,3.047256996934383,2.52561043892446,19.341358801887072,3.640702724456787
