Actual,Predicted,Residual
18.974118598096524,17.898046671484515,1.0760719266120091
11.565059393264644,12.853373838857305,-1.2883144455926612
9.889834241650538,8.62779810568497,1.2620361359655679
8.470436995943246,10.66330608459044,-2.1928690886471944
9.901337343098298,11.283615929709823,-1.382278586611525
11.313635870916569,16.81686489506545,-5.503229024148881
4.272167296218546,7.643922666537849,-3.3717553703193026
16.590499742913394,18.189567484691118,-1.5990677417777235
12.909349128499514,18.06574621834708,-5.156397089847566
15.516597096510631,9.992088708164612,5.524508388346019
20.702825828182924,18.30991795397017,2.392907874212753
10.427714375086714,7.947086399640991,2.4806279754457226
17.363515471726704,20.65443345207764,-3.2909179803509367
14.820154475934668,17.859931081531563,-3.039776605596895
11.8307394969941,15.65907171388699,-3.828332216892889
18.92386302964649,18.805871224850087,0.1179918047964037
21.760138442297333,21.874368189282144,-0.1142297469848117
17.246642666762114,17.853061261285916,-0.6064185945238023
24.524754879562256,23.78446798273432,0.7402868968279357
21.58068150978897,22.291542679978875,-0.7108611701899044
14.687329982893424,11.284813487371137,3.4025164955222866
15.014816698191774,19.51633895912451,-4.501522260932736
24.21631616098911,20.82193772340228,3.3943784375868304
19.453148709188586,14.987063754092581,4.4660849550960044
20.75803267685861,20.97459976789976,-0.2165670910411528
16.378745658936193,11.842082970526233,4.53666268840996
15.8435251786336,11.833326847064086,4.010198331569514
19.51435506110183,15.582231703779279,3.9321233573225527
22.916219488317417,20.510685481550304,2.4055340067671125
24.824902350944924,19.162208861969305,5.66269348897562
13.64507922382876,14.378618044297601,-0.7335388204688407
20.8095865008615,16.657627155671555,4.151959345189944
13.191787645289333,17.226743550470687,-4.034955905181354
14.546556649179395,13.323924393418535,1.2226322557608604
19.214208764495247,17.42740547411065,1.7868032903845972
15.61196279435747,21.077951765778494,-5.465988971421023
9.37700075866896,10.596729951427186,-1.2197291927582263
12.711205191491848,16.83690105727485,-4.125695865783003
11.879388799886346,13.01079099700021,-1.1314021971138644
8.536040735812644,11.715598562111825,-3.179557826299181
17.516449572037335,12.456846489732424,5.0596030823049105
19.709087138671887,19.21821361961949,0.4908735190523963
16.812711066373872,17.685788365273076,-0.8730772988992044
18.716302900734,16.139814655259055,2.5764882454749447
16.315541545983717,17.0501087138811,-0.7345671678973851
15.788983631557272,16.26047791713006,-0.4714942855727884
7.144465707179283,10.904382881549703,-3.759917174370419
9.674163725431228,14.860077566957502,-5.185913841526274
15.276768064954616,18.622462516476233,-3.3456944515216165
22.31639635021092,17.372366898732235,4.944029451478684
12.13015451721835,7.712018804964265,4.4181357122540845
24.547655675496983,18.975364945343443,5.57229073015354
13.212744085636794,13.79354703635566,-0.5808029507188657
11.744994083131274,11.696450529229645,0.04854355390162901
15.861376945378492,12.569624081036174,3.2917528643423175
17.156407004926546,15.440120854156136,1.7162861507704097
25.901504090664165,21.579461998763314,4.322042091900851
11.201938354904664,10.039754480514736,1.1621838743899282
12.869919540764096,14.038647300727188,-1.168727759963092
11.027991925652584,12.778425277250971,-1.750433351598387
10.027531742463871,10.908009603629395,-0.8804778611655237
21.750779357754386,20.204207571571168,1.5465717861832182
14.223305476432929,15.031500972833882,-0.8081954964009537
6.508350338947449,8.521287508054188,-2.0129371691067393
24.2499668622096,19.479794352018686,4.770172510190914
13.163117485694292,14.089288845801573,-0.926171360107281
11.485359748598295,13.044745635274854,-1.5593858866765586
14.528392418229105,13.624803745025515,0.9035886732035898
11.105543232449469,12.345483080423998,-1.2399398479745294
6.746225188462973,9.761047850512389,-3.014822662049416
8.460274158688303,14.021675012586057,-5.561400853897753
21.93554970670759,21.31180217072356,0.6237475359840303
19.52645513741293,18.52048188440432,1.0059732530086123
3.3498820781465453,7.585623362838629,-4.235741284692084
28.172354780699717,23.442677775664443,4.729677005035274
9.048355405623743,12.469239309784575,-3.4208839041608314
18.2795715215364,15.39583717513851,2.8837343463978904
17.727400433374886,21.613530098753742,-3.8861296653788564
16.828444356558844,14.356884656032582,2.471559700526262
8.020370052613668,13.32536564254933,-5.304995589935663
12.20010095681796,13.981909458574403,-1.7818085017564425
9.39431731691691,9.767122306976765,-0.3728049900598549
15.261413941909677,16.625075125338885,-1.3636611834292083
20.197953893452706,19.705944841167728,0.4920090522849776
12.896911492025168,14.35244423935393,-1.4555327473287623
20.990361291526625,17.067885871931956,3.9224754195946687
9.944993207756172,9.84296700597349,0.10202620178268162
5.528974616398715,9.419315889194799,-3.8903412727960838
14.42309351571058,12.65636032822317,1.766733187487409
18.221053010382704,17.255274482939573,0.9657785274431312
9.163402840567992,14.246652171534393,-5.083249330966401
6.93652183529277,10.790621900836495,-3.854100065543725
8.768377785182595,7.786323109130016,0.9820546760525799
22.98897975096684,21.05723457578432,1.9317451751825203
15.048060119988698,16.86001317140253,-1.811953051413834
9.40188539174479,8.057033920239146,1.3448514715056437
14.515656088935662,14.606664488777417,-0.0910083998417548
11.909524152900053,13.067450630762814,-1.1579264778627607
14.18819513598097,13.23686972236258,0.95132541361839
15.199773503858436,20.469838522031672,-5.270065018173236
16.01633653163394,20.00519364528887,-3.9888571136549302
18.15575388310773,18.82879297111031,-0.6730390880025787
15.87320195690485,13.366571456126657,2.5066305007781935
9.877607487226811,14.56471202852788,-4.6871045413010695
21.32045300988041,18.362136908446857,2.958316101433553
14.201842818162616,15.40657064003096,-1.2047278218683442
9.056810277958462,11.155171385437518,-2.0983611074790556
11.30898022932384,8.309787306934236,2.9991929223896037
17.105573266244043,14.468948664024305,2.6366246022197384
15.295158335842387,12.04498031375042,3.2501780220919674
12.45210282102446,12.84489952859727,-0.3927967075728098
25.08271612385121,21.67225402558163,3.41046209826958
10.89160889315952,9.416892336302224,1.4747165568572953
7.864174117226561,11.675077263920972,-3.810903146694411
21.4391371734355,21.644357125420015,-0.20521995198451393
22.02788278365577,16.825062802234946,5.202819981420824
25.83482690515933,22.82080743587565,3.014019469283678
20.87987317689573,22.112587409689112,-1.2327142327933807
11.157857760169977,13.794592203278286,-2.6367344431083097
22.093209552508995,21.012436041163788,1.0807735113452068
6.652712629596787,8.041369394446502,-1.3886567648497143
13.551322863732365,18.473632837314817,-4.922309973582452
14.290375339427234,15.421116493884497,-1.1307411544572634
21.73866015514888,18.64273549867852,3.0959246564703626
18.116480105725017,21.40691130047785,-3.290431194752834
15.399305184086792,15.769229256938463,-0.3699240728516706
16.655809782747152,13.455202074914316,3.2006077078328357
11.22677144171316,12.788112089475716,-1.561340647762556
19.02879975430162,20.724873480662758,-1.6960737263611385
14.723981127084048,17.895023966759155,-3.1710428396751063
14.4652333771879,17.30868115548498,-2.8434477782970795
22.54536230701061,20.98424377702974,1.5611185299808703
23.045560531369823,17.8836501455489,5.161910385820924
9.037203897593926,9.742879271342735,-0.7056753737488091
13.293145775946916,6.772263100669619,6.5208826752772975
18.631093840402,21.680967900098395,-3.0498740596963962
27.3952349353662,21.922602392694237,5.472632542671963
14.670745997510084,16.382056955223092,-1.7113109577130086
16.762630832256455,13.483905413205308,3.2787254190511472
17.785921557040993,18.189268914374594,-0.40334735733360105
20.083740042389397,20.329088960178986,-0.24534891778958823
16.01644145942949,16.217283005173726,-0.20084154574423607
21.982372067768026,22.265987733446146,-0.2836156656781199
19.73510889843911,18.21469792121733,1.520410977221779
8.54226246873448,7.817544263428603,0.7247182053058765
16.730786060248125,19.590598904490562,-2.8598128442424375
16.521594349224586,20.56928956987698,-4.047695220652393
19.61238612443768,17.239818340968917,2.3725677834687637
14.022427670161456,14.169994008997069,-0.1475663388356132
17.488402163155023,18.81685880856776,-1.3284566454127358
22.276789143056654,17.909629980818664,4.367159162237989
28.044538592025127,23.03266447871966,5.011874113305467
13.293613477982705,14.187754592643577,-0.8941411146608722
14.62641177209528,10.13596848384505,4.49044328825023
11.510147189395012,8.898657577864466,2.611489611530546
19.494023507311795,12.841593360359953,6.652430146951842
14.697827266347648,13.524965845027204,1.1728614213204445
10.960049649821274,15.541871530119403,-4.581821880298129
17.449156809669,14.574183097594572,2.8749737120744268
6.425155819693394,10.999498095184725,-4.574342275491331
21.02276082907037,19.309010383619828,1.7137504454505432
9.488223143013975,9.701600803320629,-0.21337766030665328
14.713921306658682,11.399733099626737,3.314188207031945
22.7662692388727,23.49831310923647,-0.7320438703637713
5.200885792990929,8.493957135493513,-3.293071342502584
22.843824171456006,21.497789133269173,1.3460350381868338
8.826784272487235,9.945083737664271,-1.1182994651770368
11.84167411530122,12.741627652169987,-0.8999535368687663
27.88067470777122,23.026307348734903,4.854367359036317
17.794308923922088,17.487526910975134,0.30678201294695384
17.392900591022876,14.904718591608512,2.4881819994143637
12.335312585994949,17.113355116873773,-4.778042530878825
16.765096721982054,16.48967030505483,0.2754264169272247
14.842303732020776,11.228198509033106,3.6141052229876696
16.896993293171263,14.321709030285984,2.5752842628852797
14.17448810657022,17.71874954544824,-3.5442614388780207
15.45846002597196,11.91793824982536,3.5405217761465995
15.60125696732911,12.209907958318578,3.3913490090105327
15.80681463134871,19.926752984195026,-4.119938352846317
6.549441124497726,8.193245359233465,-1.6438042347357396
9.266672584260002,14.594957756306206,-5.328285172046204
3.142325520990018,8.013333152288812,-4.871007631298794
20.527823057534533,23.425121472337544,-2.8972984148030108
16.869966944112665,22.09099289042034,-5.221025946307673
9.336904577355234,10.152276226622265,-0.8153716492670302
23.68216128274127,24.2877376478664,-0.6055763651251311
16.858014642161784,18.804477463756058,-1.9464628215942739
8.82429444739413,13.893699566284655,-5.069405118890524
7.439616479059346,7.60622953237977,-0.16661305332042442
15.648937626920931,15.40355304094509,0.24538458597584167
9.52061929165792,13.46853597515726,-3.94791668349934
17.240064693938884,14.04983216192487,3.1902325320140132
23.16307425241793,21.20236808068931,1.9607061717286172
17.170814681500822,18.449537565397755,-1.2787228838969327
13.734956509820504,13.030938612366256,0.7040178974542481
23.88982242507215,23.23015544265612,0.6596669824160308
11.936971411401784,8.123289354930158,3.8136820564716256
19.66887831292742,21.138116636169585,-1.4692383232421662
10.624208761842212,10.704241383787199,-0.08003262194498717
22.095171322661848,18.744486959209674,3.3506843634521744
