Feature,Importance_Mean,Importance_STD
Installation_Area_m2,3.899829493147719,0.2692603383868222
Solar_Potential_kWh_m2,0.18299657636932518,0.03250049323689633
Material,0.0044628813087558205,0.008428666678915866
Building_Type,0.0034009166420925813,0.007189492503432816
Year_Built,0.002607658933737689,0.0022413485156110246
Wind_Potential_m_s,0.0020848261273386016,0.0026641774643041487
Floor_Area_m2,6.0567618403043845e-05,0.005710131571145241
Geothermal_Potential,-0.00015787528004086818,0.0004998770586012026
Orientation,-0.0003090989379912479,0.00638255419054714
Insulation_Level,-0.0032702738086757203,0.006468953471237981
Energy_Demand_kWh,-0.003378440900962983,0.00498840761275331
