Feature,MeanAbsSHAP
remainder__Installation_Area_m2,3.788370067682115
remainder__Solar_Potential_kWh_m2,0.5677744580278444
cat__Material_Brick,0.08433519626124694
cat__Material_Stone,0.08313937324618671
remainder__Energy_Demand_kWh,0.07482925318889025
cat__Building_Type_Brick_Cottage,0.060872034982305714
cat__Insulation_Level_Medium,0.05885324915697493
remainder__Floor_Area_m2,0.05579573835647202
cat__Orientation_South,0.05228002585760013
cat__Orientation_East,0.04860096131156297
cat__Insulation_Level_Low,0.03893637559387102
cat__Building_Type_Wooden_House,0.037724231366291334
remainder__Wind_Potential_m_s,0.03289510571288681
cat__Building_Type_Stone_Villa,0.032471510367660855
cat__Insulation_Level_High,0.023885399041752575
remainder__Year_Built,0.022879787144589367
cat__Orientation_North,0.022060669878057902
cat__Material_Timber,0.020580125338584446
cat__Building_Type_Thatched_Hut,0.01175747875526048
cat__Orientation_West,0.009098363477912865
remainder__Geothermal_Potential,0.006455799878480245
cat__Material_Thatch,0.004780800291007698
