Profile,Installation_Area_m2,Predicted_Utilization_%
0,20,7.746788136125142
0,22,8.144876706139236
0,24,8.542965276153328
0,26,8.94105384616742
0,28,9.339142416181515
0,30,9.737230986195607
0,32,10.135319556209701
0,34,10.533408126223794
0,36,10.931496696237888
0,38,11.32958526625198
0,40,11.727673836266074
0,42,12.125762406280167
0,44,12.523850976294261
0,46,12.921939546308353
0,48,13.320028116322446
0,50,13.71811668633654
0,52,14.116205256350632
0,54,14.514293826364726
0,56,14.912382396378819
0,58,15.310470966392913
0,61,15.907603821414051
0,63,16.305692391428146
0,65,16.703780961442238
0,67,17.10186953145633
0,69,17.499958101470426
0,71,17.898046671484515
0,73,18.29613524149861
0,75,18.6942238115127
0,77,19.092312381526796
0,79,19.49040095154089
0,81,19.88848952155498
0,83,20.286578091569076
0,85,20.684666661583172
0,87,21.08275523159726
0,89,21.480843801611357
0,91,21.878932371625446
0,93,22.27702094163954
0,95,22.675109511653638
0,97,23.073198081667726
0,99,23.471286651681822
1,20,7.280133858660003
1,22,7.678222428674095
1,24,8.076310998688188
1,26,8.474399568702282
1,28,8.872488138716374
1,30,9.270576708730468
1,32,9.66866527874456
1,34,10.066753848758655
1,36,10.464842418772747
1,38,10.862930988786841
1,40,11.261019558800934
1,42,11.659108128815026
1,44,12.05719669882912
1,46,12.455285268843213
1,48,12.853373838857305
1,50,13.251462408871399
1,52,13.649550978885491
1,54,14.047639548899586
1,56,14.445728118913678
1,58,14.843816688927772
1,61,15.44094954394891
1,63,15.839038113963005
1,65,16.237126683977095
1,67,16.63521525399119
1,69,17.033303824005284
1,71,17.431392394019376
1,73,17.829480964033472
1,75,18.22756953404756
1,77,18.625658104061657
1,79,19.023746674075753
1,81,19.42183524408984
1,83,19.819923814103937
1,85,20.218012384118033
1,87,20.616100954132122
1,89,21.014189524146218
1,91,21.412278094160307
1,93,21.810366664174403
1,95,22.2084552341885
1,97,22.606543804202587
1,99,23.004632374216683
2,20,8.62779810568497
2,22,9.025886675699065
2,24,9.423975245713157
2,26,9.822063815727251
2,28,10.220152385741343
2,30,10.618240955755438
2,32,11.01632952576953
2,34,11.414418095783624
2,36,11.812506665797716
2,38,12.21059523581181
2,40,12.608683805825903
2,42,13.006772375839995
2,44,13.40486094585409
2,46,13.802949515868182
2,48,14.201038085882274
2,50,14.599126655896368
2,52,14.99721522591046
2,54,15.395303795924555
2,56,15.793392365938647
2,58,16.19148093595274
2,61,16.78861379097388
2,63,17.186702360987972
2,65,17.58479093100207
2,67,17.982879501016164
2,69,18.380968071030253
2,71,18.77905664104435
2,73,19.177145211058438
2,75,19.575233781072534
2,77,19.97332235108663
2,79,20.37141092110072
2,81,20.769499491114814
2,83,21.167588061128903
2,85,21.565676631143
2,87,21.963765201157088
2,89,22.361853771171184
2,91,22.759942341185273
2,93,23.15803091119937
2,95,23.556119481213464
2,97,23.954208051227553
2,99,24.35229662124165
3,20,7.677641809484743
3,22,8.075730379498836
3,24,8.473818949512928
3,26,8.87190751952702
3,28,9.269996089541115
3,30,9.668084659555207
3,32,10.066173229569301
3,34,10.464261799583394
3,36,10.862350369597488
3,38,11.26043893961158
3,40,11.658527509625674
3,42,12.056616079639767
3,44,12.454704649653861
3,46,12.852793219667953
3,48,13.250881789682046
3,50,13.64897035969614
3,52,14.047058929710232
3,54,14.445147499724326
3,56,14.843236069738419
3,58,15.241324639752513
3,61,15.838457494773651
3,63,16.236546064787746
3,65,16.634634634801838
3,67,17.03272320481593
3,69,17.430811774830026
3,71,17.828900344844122
3,73,18.22698891485821
3,75,18.625077484872307
3,77,19.023166054886396
3,79,19.42125462490049
3,81,19.81934319491458
3,83,20.217431764928676
3,85,20.615520334942772
3,87,21.01360890495686
3,89,21.411697474970957
3,91,21.809786044985046
3,93,22.20787461499914
3,95,22.605963185013238
3,97,23.004051755027326
3,99,23.402140325041422
4,20,7.3027302295688905
4,22,7.700818799582985
4,24,8.098907369597077
4,26,8.496995939611171
4,28,8.895084509625264
4,30,9.293173079639356
4,32,9.69126164965345
4,34,10.089350219667542
4,36,10.487438789681637
4,38,10.88552735969573
4,40,11.283615929709823
4,42,11.681704499723915
4,44,12.079793069738008
4,46,12.4778816397521
4,48,12.875970209766193
4,50,13.274058779780288
4,52,13.67214734979438
4,54,14.070235919808473
4,56,14.468324489822566
4,58,14.866413059836662
4,61,15.463545914857798
4,63,15.861634484871894
4,65,16.25972305488599
4,67,16.657811624900077
4,69,17.055900194914173
4,71,17.45398876492827
4,73,17.852077334942358
4,75,18.250165904956454
4,77,18.648254474970543
4,79,19.04634304498464
4,81,19.444431614998727
4,83,19.842520185012823
4,85,20.24060875502692
4,87,20.638697325041008
4,89,21.036785895055104
4,91,21.434874465069193
4,93,21.83296303508329
4,95,22.231051605097385
4,97,22.629140175111473
4,99,23.02722874512557
5,20,7.063694929720167
5,22,7.46178349973426
5,24,7.859872069748352
5,26,8.257960639762445
5,28,8.656049209776539
5,30,9.054137779790633
5,32,9.452226349804725
5,34,9.85031491981882
5,36,10.248403489832912
5,38,10.646492059847004
5,40,11.044580629861098
5,42,11.442669199875192
5,44,11.840757769889285
5,46,12.238846339903377
5,48,12.63693490991747
5,50,13.035023479931565
5,52,13.433112049945658
5,54,13.83120061995975
5,56,14.229289189973843
5,58,14.627377759987938
5,61,15.224510615009075
5,63,15.622599185023171
5,65,16.020687755037265
5,67,16.418776325051354
5,69,16.81686489506545
5,71,17.214953465079546
5,73,17.613042035093635
5,75,18.01113060510773
5,77,18.40921917512182
5,79,18.807307745135915
5,81,19.205396315150004
5,83,19.6034848851641
5,85,20.001573455178196
5,87,20.399662025192285
5,89,20.79775059520638
5,91,21.19583916522047
5,93,21.593927735234566
5,95,21.99201630524866
5,97,22.39010487526275
5,99,22.788193445276846
6,20,7.643922666537849
6,22,8.042011236551941
6,24,8.440099806566034
6,26,8.838188376580128
6,28,9.23627694659422
6,30,9.634365516608314
6,32,10.032454086622407
6,34,10.4305426566365
6,36,10.828631226650593
6,38,11.226719796664687
6,40,11.62480836667878
6,42,12.022896936692872
6,44,12.420985506706966
6,46,12.819074076721058
6,48,13.21716264673515
6,50,13.615251216749245
6,52,14.013339786763337
6,54,14.411428356777432
6,56,14.809516926791524
6,58,15.207605496805618
6,61,15.804738351826757
6,63,16.202826921840852
6,65,16.60091549185494
6,67,16.999004061869037
6,69,17.39709263188313
6,71,17.795181201897222
6,73,18.193269771911318
6,75,18.591358341925407
6,77,18.989446911939503
6,79,19.3875354819536
6,81,19.785624051967687
6,83,20.183712621981783
6,85,20.58180119199588
6,87,20.979889762009968
6,89,21.377978332024064
6,91,21.776066902038153
6,93,22.17415547205225
6,95,22.572244042066345
6,97,22.970332612080433
6,99,23.36842118209453
7,20,6.44595466927537
7,22,6.844043239289464
7,24,7.242131809303556
7,26,7.640220379317649
7,28,8.038308949331743
7,30,8.436397519345835
7,32,8.83448608935993
7,34,9.232574659374022
7,36,9.630663229388116
7,38,10.028751799402208
7,40,10.426840369416302
7,42,10.824928939430395
7,44,11.223017509444487
7,46,11.62110607945858
7,48,12.019194649472672
7,50,12.417283219486766
7,52,12.815371789500858
7,54,13.213460359514952
7,56,13.611548929529045
7,58,14.009637499543139
7,61,14.606770354564278
7,63,15.004858924578372
7,65,15.402947494592464
7,67,15.801036064606558
7,69,16.199124634620652
7,71,16.597213204634745
7,73,16.995301774648837
7,75,17.39339034466293
7,77,17.791478914677022
7,79,18.189567484691118
7,81,18.587656054705207
7,83,18.98574462471931
7,85,19.3838331947334
7,87,19.781921764747494
7,89,20.180010334761583
7,91,20.57809890477568
7,93,20.976187474789775
7,95,21.374276044803864
7,97,21.77236461481796
7,99,22.17045318483205
8,20,7.516399112973616
8,22,7.914487682987708
8,24,8.3125762530018
8,26,8.710664823015893
8,28,9.108753393029987
8,30,9.50684196304408
8,32,9.904930533058174
8,34,10.303019103072268
8,36,10.70110767308636
8,38,11.099196243100453
8,40,11.497284813114547
8,42,11.89537338312864
8,44,12.293461953142733
8,46,12.691550523156826
8,48,13.089639093170918
8,50,13.487727663185012
8,52,13.885816233199105
8,54,14.283904803213199
8,56,14.681993373227291
8,58,15.080081943241385
8,61,15.677214798262524
8,63,16.075303368276618
8,65,16.47339193829071
8,67,16.871480508304806
8,69,17.269569078318895
8,71,17.66765764833299
8,73,18.06574621834708
8,75,18.463834788361176
8,77,18.86192335837527
8,79,19.26001192838936
8,81,19.658100498403456
8,83,20.056189068417552
8,85,20.45427763843164
8,87,20.852366208445737
8,89,21.250454778459826
8,91,21.648543348473922
8,93,22.046631918488018
8,95,22.444720488502107
8,97,22.842809058516202
8,99,23.24089762853029
9,20,8.200690143101193
9,22,8.598778713115285
9,24,8.996867283129378
9,26,9.394955853143472
9,28,9.793044423157564
9,30,10.191132993171658
9,32,10.58922156318575
9,34,10.987310133199845
9,36,11.385398703213937
9,38,11.783487273228031
9,40,12.181575843242124
9,42,12.579664413256216
9,44,12.97775298327031
9,46,13.375841553284403
9,48,13.773930123298495
9,50,14.17201869331259
9,52,14.570107263326681
9,54,14.968195833340776
9,56,15.366284403354868
9,58,15.764372973368962
9,61,16.3615058283901
9,63,16.759594398404197
9,65,17.157682968418285
9,67,17.55577153843238
9,69,17.953860108446477
9,71,18.351948678460566
9,73,18.750037248474662
9,75,19.14812581848875
9,77,19.546214388502847
9,79,19.944302958516943
9,81,20.34239152853103
9,83,20.740480098545127
9,85,21.138568668559223
9,87,21.536657238573312
9,89,21.934745808587408
9,91,22.332834378601497
9,93,22.730922948615593
9,95,23.12901151862969
9,97,23.527100088643778
9,99,23.925188658657873
10,20,6.765349423561469
10,22,7.163437993575562
10,24,7.561526563589655
10,26,7.959615133603748
10,28,8.35770370361784
10,30,8.755792273631934
10,32,9.153880843646029
10,34,9.551969413660121
10,36,9.950057983674213
10,38,10.348146553688307
10,40,10.7462351237024
10,42,11.144323693716492
10,44,11.542412263730588
10,46,11.94050083374468
10,48,12.338589403758773
10,50,12.736677973772867
10,52,13.13476654378696
10,54,13.532855113801054
10,56,13.930943683815146
10,58,14.32903225382924
10,61,14.926165108850379
10,63,15.324253678864473
10,65,15.722342248878565
10,67,16.120430818892657
10,69,16.518519388906753
10,71,16.916607958920846
10,73,17.314696528934938
10,75,17.712785098949027
10,77,18.110873668963123
10,79,18.50896223897722
10,81,18.907050808991308
10,83,19.305139379005404
10,85,19.703227949019492
10,87,20.10131651903359
10,89,20.499405089047677
10,91,20.897493659061773
10,93,21.29558222907587
10,95,21.693670799089958
10,97,22.091759369104054
10,99,22.489847939118143
11,20,6.9518649746057575
11,22,7.349953544619851
11,24,7.748042114633943
11,26,8.146130684648037
11,28,8.54421925466213
11,30,8.942307824676224
11,32,9.340396394690316
11,34,9.73848496470441
11,36,10.136573534718503
11,38,10.534662104732597
11,40,10.93275067474669
11,42,11.330839244760782
11,44,11.728927814774876
11,46,12.127016384788968
11,48,12.52510495480306
11,50,12.923193524817155
11,52,13.321282094831247
11,54,13.719370664845341
11,56,14.117459234859433
11,58,14.515547804873528
11,61,15.112680659894666
11,63,15.51076922990876
11,65,15.908857799922853
11,67,16.306946369936945
11,69,16.70503493995104
11,71,17.103123509965133
11,73,17.501212079979226
11,75,17.899300649993314
11,77,18.29738922000741
11,79,18.695477790021506
11,81,19.093566360035595
11,83,19.49165493004969
11,85,19.889743500063787
11,87,20.287832070077876
11,89,20.68592064009197
11,91,21.08400921010606
11,93,21.482097780120156
11,95,21.880186350134252
11,97,22.27827492014834
11,99,22.676363490162437
12,20,7.915599211626658
12,22,8.31368778164075
12,24,8.711776351654843
12,26,9.109864921668937
12,28,9.507953491683029
12,30,9.906042061697123
12,32,10.304130631711216
12,34,10.70221920172531
12,36,11.100307771739402
12,38,11.498396341753496
12,40,11.896484911767589
12,42,12.294573481781681
12,44,12.692662051795775
12,46,13.090750621809867
12,48,13.48883919182396
12,50,13.886927761838054
12,52,14.285016331852146
12,54,14.68310490186624
12,56,15.081193471880333
12,58,15.479282041894427
12,61,16.076414896915566
12,63,16.47450346692966
12,65,16.87259203694375
12,67,17.270680606957846
12,69,17.668769176971942
12,71,18.06685774698603
12,73,18.464946317000127
12,75,18.863034887014216
12,77,19.26112345702831
12,79,19.659212027042408
12,81,20.057300597056496
12,83,20.455389167070592
12,85,20.853477737084688
12,87,21.251566307098777
12,89,21.649654877112873
12,91,22.04774344712696
12,93,22.445832017141058
12,95,22.843920587155154
12,97,23.242009157169242
12,99,23.64009772718334
13,20,6.912495406144003
13,22,7.310583976158096
13,24,7.708672546172188
13,26,8.10676111618628
13,28,8.504849686200375
13,30,8.902938256214469
13,32,9.301026826228561
13,34,9.699115396242656
13,36,10.097203966256748
13,38,10.495292536270842
13,40,10.893381106284934
13,42,11.291469676299027
13,44,11.689558246313121
13,46,12.087646816327213
13,48,12.485735386341306
13,50,12.8838239563554
13,52,13.281912526369492
13,54,13.680001096383586
13,56,14.078089666397679
13,58,14.476178236411773
13,61,15.073311091432911
13,63,15.471399661447006
13,65,15.869488231461098
13,67,16.267576801475194
13,69,16.665665371489283
13,71,17.06375394150338
13,73,17.461842511517467
13,75,17.859931081531563
13,77,18.25801965154566
13,79,18.656108221559748
13,81,19.054196791573844
13,83,19.45228536158794
13,85,19.85037393160203
13,87,20.248462501616125
13,89,20.646551071630213
13,91,21.04463964164431
13,93,21.442728211658405
13,95,21.840816781672494
13,97,22.23890535168659
13,99,22.63699392170068
14,20,8.294433168626266
14,22,8.69252173864036
14,24,9.090610308654453
14,26,9.488698878668547
14,28,9.88678744868264
14,30,10.284876018696734
14,32,10.682964588710826
14,34,11.08105315872492
14,36,11.479141728739013
14,38,11.877230298753107
14,40,12.275318868767199
14,42,12.673407438781291
14,44,13.071496008795386
14,46,13.469584578809478
14,48,13.86767314882357
14,50,14.265761718837664
14,52,14.663850288851757
14,54,15.061938858865851
14,56,15.460027428879943
14,58,15.858115998894037
14,61,16.455248853915176
14,63,16.85333742392927
14,65,17.251425993943364
14,67,17.649514563957453
14,69,18.04760313397155
14,71,18.445691703985645
14,73,18.843780273999734
14,75,19.24186884401383
14,77,19.63995741402792
14,79,20.038045984042014
14,81,20.436134554056103
14,83,20.8342231240702
14,85,21.232311694084295
14,87,21.630400264098384
14,89,22.02848883411248
14,91,22.42657740412657
14,93,22.824665974140665
14,95,23.22275454415476
14,97,23.62084311416885
14,99,24.018931684182945
15,20,7.6593912644554765
15,22,8.05747983446957
15,24,8.455568404483662
15,26,8.853656974497754
15,28,9.251745544511849
15,30,9.649834114525941
15,32,10.047922684540035
15,34,10.446011254554127
15,36,10.844099824568222
15,38,11.242188394582314
15,40,11.640276964596408
15,42,12.0383655346105
15,44,12.436454104624595
15,46,12.834542674638687
15,48,13.23263124465278
15,50,13.630719814666874
15,52,14.028808384680966
15,54,14.42689695469506
15,56,14.824985524709152
15,58,15.223074094723247
15,61,15.820206949744385
15,63,16.218295519758477
15,65,16.616384089772573
15,67,17.014472659786666
15,69,17.412561229800758
15,71,17.810649799814854
15,73,18.208738369828943
15,75,18.60682693984304
15,77,19.004915509857128
15,79,19.403004079871224
15,81,19.801092649885312
15,83,20.19918121989941
15,85,20.597269789913504
15,87,20.995358359927593
15,89,21.39344692994169
15,91,21.791535499955778
15,93,22.189624069969874
15,95,22.58771263998397
15,97,22.98580120999806
15,99,23.383889780012154
16,20,8.538401093810025
16,22,8.93648966382412
16,24,9.334578233838212
16,26,9.732666803852306
16,28,10.130755373866398
16,30,10.52884394388049
16,32,10.926932513894585
16,34,11.325021083908679
16,36,11.723109653922771
16,38,12.121198223936863
16,40,12.519286793950958
16,42,12.91737536396505
16,44,13.315463933979144
16,46,13.713552503993236
16,48,14.111641074007329
16,50,14.509729644021423
16,52,14.907818214035515
16,54,15.30590678404961
16,56,15.703995354063702
16,58,16.102083924077796
16,61,16.699216779098933
16,63,17.09730534911303
16,65,17.495393919127117
16,67,17.893482489141213
16,69,18.29157105915531
16,71,18.689659629169398
16,73,19.087748199183494
16,75,19.485836769197583
16,77,19.88392533921168
16,79,20.282013909225775
16,81,20.680102479239864
16,83,21.07819104925396
16,85,21.47627961926805
16,87,21.874368189282144
16,89,22.272456759296233
16,91,22.67054532931033
16,93,23.068633899324425
16,95,23.466722469338514
16,97,23.86481103935261
16,99,24.2628996093667
17,20,8.896068435968818
17,22,9.29415700598291
17,24,9.692245575997003
17,26,10.090334146011097
17,28,10.48842271602519
17,30,10.886511286039283
17,32,11.284599856053376
17,34,11.68268842606747
17,36,12.080776996081562
17,38,12.478865566095656
17,40,12.876954136109749
17,42,13.275042706123841
17,44,13.673131276137935
17,46,14.071219846152028
17,48,14.46930841616612
17,50,14.867396986180214
17,52,15.265485556194307
17,54,15.6635741262084
17,56,16.06166269622249
17,58,16.459751266236587
17,61,17.056884121257724
17,63,17.45497269127182
17,65,17.853061261285916
17,67,18.251149831300005
17,69,18.6492384013141
17,71,19.047326971328197
17,73,19.445415541342285
17,75,19.84350411135638
17,77,20.24159268137047
17,79,20.639681251384566
17,81,21.037769821398655
17,83,21.43585839141275
17,85,21.833946961426847
17,87,22.232035531440935
17,89,22.63012410145503
17,91,23.02821267146912
17,93,23.426301241483216
17,95,23.824389811497312
17,97,24.2224783815114
17,99,24.620566951525497
18,20,8.05996946717764
18,22,8.458058037191734
18,24,8.856146607205826
18,26,9.254235177219918
18,28,9.652323747234012
18,30,10.050412317248105
18,32,10.448500887262199
18,34,10.846589457276293
18,36,11.244678027290385
18,38,11.642766597304478
18,40,12.040855167318572
18,42,12.438943737332663
18,44,12.837032307346758
18,46,13.23512087736085
18,48,13.633209447374943
18,50,14.031298017389036
18,52,14.429386587403128
18,54,14.827475157417224
18,56,15.225563727431316
18,58,15.623652297445409
18,61,16.220785152466547
18,63,16.618873722480643
18,65,17.016962292494732
18,67,17.415050862508828
18,69,17.813139432522924
18,71,18.211228002537013
18,73,18.60931657255111
18,75,19.007405142565197
18,77,19.405493712579293
18,79,19.80358228259339
18,81,20.201670852607478
18,83,20.599759422621574
18,85,20.99784799263567
18,87,21.39593656264976
18,89,21.794025132663855
18,91,22.192113702677943
18,93,22.59020227269204
18,95,22.988290842706135
18,97,23.386379412720224
18,99,23.78446798273432
19,20,7.562265589457427
19,22,7.960354159471521
19,24,8.358442729485613
19,26,8.756531299499706
19,28,9.1546198695138
19,30,9.552708439527892
19,32,9.950797009541986
19,34,10.348885579556079
19,36,10.746974149570173
19,38,11.145062719584265
19,40,11.54315128959836
19,42,11.941239859612452
19,44,12.339328429626546
19,46,12.737416999640638
19,48,13.13550556965473
19,50,13.533594139668825
19,52,13.931682709682917
19,54,14.329771279697011
19,56,14.727859849711104
19,58,15.125948419725198
19,61,15.723081274746336
19,63,16.12116984476043
19,65,16.519258414774523
19,67,16.917346984788615
19,69,17.31543555480271
19,71,17.7135241248168
19,73,18.111612694830896
19,75,18.509701264844985
19,77,18.90778983485908
19,79,19.305878404873177
19,81,19.703966974887265
19,83,20.10205554490136
19,85,20.500144114915457
19,87,20.898232684929546
19,89,21.296321254943642
19,91,21.69440982495773
19,93,22.092498394971827
19,95,22.490586964985923
19,97,22.88867553500001
19,99,23.286764105014107
20,20,8.299149212265439
20,22,8.697237782279533
20,24,9.095326352293625
20,26,9.49341492230772
20,28,9.891503492321812
20,30,10.289592062335904
20,32,10.687680632349998
20,34,11.085769202364093
20,36,11.483857772378185
20,38,11.881946342392277
20,40,12.280034912406371
20,42,12.678123482420464
20,44,13.076212052434558
20,46,13.47430062244865
20,48,13.872389192462743
20,50,14.270477762476837
20,52,14.66856633249093
20,54,15.066654902505023
20,56,15.464743472519116
20,58,15.86283204253321
20,61,16.45996489755435
20,63,16.858053467568443
20,65,17.256142037582535
20,67,17.65423060759663
20,69,18.05231917761072
20,71,18.450407747624816
20,73,18.848496317638904
20,75,19.246584887653
20,77,19.644673457667096
20,79,20.042762027681185
20,81,20.44085059769528
20,83,20.838939167709377
20,85,21.237027737723466
20,87,21.63511630773756
20,89,22.03320487775165
20,91,22.431293447765746
20,93,22.829382017779842
20,95,23.22747058779393
20,97,23.625559157808027
20,99,24.023647727822116
21,20,7.772726143708763
21,22,8.170814713722855
21,24,8.568903283736947
21,26,8.966991853751042
21,28,9.365080423765134
21,30,9.763168993779228
21,32,10.16125756379332
21,34,10.559346133807415
21,36,10.957434703821507
21,38,11.355523273835601
21,40,11.753611843849693
21,42,12.151700413863786
21,44,12.54978898387788
21,46,12.947877553891972
21,48,13.345966123906065
21,50,13.744054693920159
21,52,14.142143263934251
21,54,14.540231833948345
21,56,14.938320403962438
21,58,15.336408973976532
21,61,15.93354182899767
21,63,16.331630399011765
21,65,16.729718969025857
21,67,17.12780753903995
21,69,17.525896109054045
21,71,17.92398467906814
21,73,18.32207324908223
21,75,18.720161819096326
21,77,19.118250389110415
21,79,19.51633895912451
21,81,19.9144275291386
21,83,20.312516099152695
21,85,20.71060466916679
21,87,21.10869323918088
21,89,21.506781809194976
21,91,21.904870379209065
21,93,22.30295894922316
21,95,22.701047519237257
21,97,23.099136089251346
21,99,23.49722465926544
22,20,8.879280622979488
22,22,9.27736919299358
22,24,9.675457763007673
22,26,10.073546333021767
22,28,10.47163490303586
22,30,10.869723473049953
22,32,11.267812043064046
22,34,11.66590061307814
22,36,12.063989183092232
22,38,12.462077753106326
22,40,12.860166323120419
22,42,13.258254893134511
22,44,13.656343463148605
22,46,14.054432033162698
22,48,14.45252060317679
22,50,14.850609173190884
22,52,15.248697743204977
22,54,15.64678631321907
22,56,16.044874883233163
22,58,16.44296345324726
22,61,17.040096308268396
22,63,17.43818487828249
22,65,17.83627344829658
22,67,18.234362018310676
22,69,18.632450588324765
22,71,19.03053915833886
22,73,19.428627728352957
22,75,19.826716298367046
22,77,20.224804868381142
22,79,20.62289343839523
22,81,21.020982008409327
22,83,21.419070578423423
22,85,21.81715914843752
22,87,22.215247718451607
22,89,22.613336288465703
22,91,23.011424858479792
22,93,23.409513428493888
22,95,23.807601998507984
22,97,24.205690568522073
22,99,24.60377913853617
23,20,7.62242520883186
23,22,8.020513778845952
23,24,8.418602348860045
23,26,8.816690918874139
23,28,9.214779488888233
23,30,9.612868058902325
23,32,10.01095662891642
23,34,10.409045198930512
23,36,10.807133768944604
23,38,11.205222338958698
23,40,11.603310908972793
23,42,12.001399478986883
23,44,12.399488049000977
23,46,12.79757661901507
23,48,13.195665189029162
23,50,13.593753759043256
23,52,13.991842329057349
23,54,14.389930899071443
23,56,14.788019469085535
23,58,15.18610803909963
23,61,15.783240894120768
23,63,16.181329464134862
23,65,16.579418034148954
23,67,16.977506604163047
23,69,17.375595174177143
23,71,17.77368374419123
23,73,18.171772314205327
23,75,18.569860884219416
23,77,18.967949454233512
23,79,19.366038024247608
23,81,19.764126594261697
23,83,20.162215164275793
23,85,20.56030373428989
23,87,20.958392304303977
23,89,21.356480874318073
23,91,21.754569444332162
23,93,22.152658014346258
23,95,22.550746584360354
23,97,22.948835154374443
23,99,23.34692372438854
24,20,7.240544102413548
24,22,7.63863267242764
24,24,8.036721242441732
24,26,8.434809812455825
24,28,8.832898382469919
24,30,9.230986952484013
24,32,9.629075522498105
24,34,10.0271640925122
24,36,10.425252662526292
24,38,10.823341232540384
24,40,11.221429802554479
24,42,11.619518372568571
24,44,12.017606942582665
24,46,12.415695512596757
24,48,12.81378408261085
24,50,13.211872652624944
24,52,13.609961222639036
24,54,14.00804979265313
24,56,14.406138362667223
24,58,14.804226932681317
24,61,15.401359787702456
24,63,15.79944835771655
24,65,16.197536927730642
24,67,16.595625497744734
24,69,16.99371406775883
24,71,17.391802637772923
24,73,17.789891207787015
24,75,18.187979777801104
24,77,18.5860683478152
24,79,18.984156917829296
24,81,19.382245487843385
24,83,19.78033405785748
24,85,20.178422627871576
24,87,20.576511197885665
24,89,20.97459976789976
24,91,21.37268833791385
24,93,21.770776907927946
24,95,22.16886547794204
24,97,22.56695404795613
24,99,22.965042617970227
25,20,7.065020130357114
25,22,7.463108700371206
25,24,7.861197270385299
25,26,8.259285840399393
25,28,8.657374410413485
25,30,9.05546298042758
25,32,9.453551550441672
25,34,9.851640120455766
25,36,10.249728690469858
25,38,10.647817260483952
25,40,11.045905830498045
25,42,11.443994400512139
25,44,11.842082970526233
25,46,12.240171540540326
25,48,12.638260110554418
25,50,13.036348680568512
25,52,13.434437250582604
25,54,13.832525820596699
25,56,14.230614390610791
25,58,14.628702960624885
25,61,15.225835815646024
25,63,15.623924385660118
25,65,16.02201295567421
25,67,16.420101525688303
25,69,16.8181900957024
25,71,17.21627866571649
25,73,17.614367235730583
25,75,18.012455805744672
25,77,18.410544375758768
25,79,18.808632945772864
25,81,19.206721515786953
25,83,19.60481008580105
25,85,20.002898655815137
25,87,20.400987225829233
25,89,20.799075795843322
25,91,21.197164365857418
25,93,21.595252935871514
25,95,21.993341505885603
25,97,22.3914300758997
25,99,22.789518645913788
26,20,8.250529716937248
26,22,8.64861828695134
26,24,9.046706856965432
26,26,9.444795426979526
26,28,9.842883996993619
26,30,10.240972567007713
26,32,10.639061137021807
26,34,11.0371497070359
26,36,11.435238277049992
26,38,11.833326847064086
26,40,12.23141541707818
26,42,12.62950398709227
26,44,13.027592557106365
26,46,13.425681127120457
26,48,13.82376969713455
26,50,14.221858267148644
26,52,14.619946837162736
26,54,15.01803540717683
26,56,15.416123977190923
26,58,15.814212547205017
26,61,16.411345402226154
26,63,16.80943397224025
26,65,17.207522542254342
26,67,17.605611112268434
26,69,18.00369968228253
26,71,18.40178825229662
26,73,18.799876822310715
26,75,19.197965392324804
26,77,19.5960539623389
26,79,19.994142532352996
26,81,20.392231102367084
26,83,20.79031967238118
26,85,21.188408242395276
26,87,21.586496812409365
26,89,21.98458538242346
26,91,22.38267395243755
26,93,22.780762522451646
26,95,23.17885109246574
26,97,23.57693966247983
26,99,23.975028232493926
27,20,7.620460303497416
27,22,8.01854887351151
27,24,8.416637443525602
27,26,8.814726013539694
27,28,9.212814583553788
27,30,9.61090315356788
27,32,10.008991723581975
27,34,10.407080293596069
27,36,10.805168863610161
27,38,11.203257433624254
27,40,11.601346003638348
27,42,11.99943457365244
27,44,12.397523143666534
27,46,12.795611713680627
27,48,13.193700283694719
27,50,13.591788853708813
27,52,13.989877423722906
27,54,14.387965993737
27,56,14.786054563751092
27,58,15.184143133765186
27,61,15.781275988786325
27,63,16.17936455880042
27,65,16.57745312881451
27,67,16.975541698828607
27,69,17.373630268842696
27,71,17.771718838856792
27,73,18.16980740887088
27,75,18.567895978884977
27,77,18.965984548899073
27,79,19.36407311891316
27,81,19.762161688927257
27,83,20.160250258941346
27,85,20.558338828955442
27,87,20.95642739896953
27,89,21.354515968983627
27,91,21.752604538997716
27,93,22.15069310901181
27,95,22.548781679025907
27,97,22.946870249039996
27,99,23.344958819054092
28,20,6.975674101071139
28,22,7.373762671085231
28,24,7.7718512410993235
28,26,8.169939811113418
28,28,8.56802838112751
28,30,8.966116951141604
28,32,9.364205521155696
28,34,9.76229409116979
28,36,10.160382661183883
28,38,10.558471231197977
28,40,10.95655980121207
28,42,11.354648371226162
28,44,11.752736941240256
28,46,12.150825511254348
28,48,12.54891408126844
28,50,12.947002651282535
28,52,13.345091221296627
28,54,13.743179791310721
28,56,14.141268361324814
28,58,14.539356931338908
28,61,15.136489786360046
28,63,15.53457835637414
28,65,15.932666926388233
28,67,16.330755496402325
28,69,16.72884406641642
28,71,17.126932636430514
28,73,17.525021206444606
28,75,17.923109776458702
28,77,18.32119834647279
28,79,18.719286916486887
28,81,19.117375486500976
28,83,19.51546405651507
28,85,19.913552626529167
28,87,20.311641196543256
28,89,20.709729766557352
28,91,21.10781833657144
28,93,21.505906906585537
28,95,21.903995476599633
28,97,22.30208404661372
28,99,22.700172616627817
29,20,7.020507476539468
29,22,7.418596046553561
29,24,7.816684616567653
29,26,8.214773186581747
29,28,8.61286175659584
29,30,9.010950326609933
29,32,9.409038896624025
29,34,9.80712746663812
29,36,10.205216036652212
29,38,10.603304606666306
29,40,11.001393176680399
29,42,11.399481746694493
29,44,11.797570316708587
29,46,12.19565888672268
29,48,12.593747456736772
29,50,12.991836026750866
29,52,13.389924596764958
29,54,13.788013166779052
29,56,14.186101736793145
29,58,14.584190306807239
29,61,15.181323161828377
29,63,15.579411731842471
29,65,15.977500301856564
29,67,16.375588871870658
29,69,16.77367744188475
29,71,17.171766011898846
29,73,17.569854581912935
29,75,17.96794315192703
29,77,18.36603172194112
29,79,18.764120291955216
29,81,19.162208861969305
29,83,19.5602974319834
29,85,19.958386001997496
29,87,20.356474572011585
29,89,20.75456314202568
29,91,21.15265171203977
29,93,21.550740282053866
29,95,21.94882885206796
29,97,22.34691742208205
29,99,22.745005992096146
30,20,7.213023784043926
30,22,7.61111235405802
30,24,8.009200924072111
30,26,8.407289494086205
30,28,8.8053780641003
30,30,9.203466634114392
30,32,9.601555204128486
30,34,9.999643774142578
30,36,10.39773234415667
30,38,10.795820914170765
30,40,11.193909484184859
30,42,11.59199805419895
30,44,11.990086624213044
30,46,12.388175194227136
30,48,12.786263764241228
30,50,13.184352334255323
30,52,13.582440904269415
30,54,13.98052947428351
30,56,14.378618044297601
30,58,14.776706614311696
30,61,15.373839469332834
30,63,15.771928039346928
30,65,16.17001660936102
30,67,16.568105179375117
30,69,16.966193749389205
30,71,17.3642823194033
30,73,17.76237088941739
30,75,18.160459459431486
30,77,18.558548029445582
30,79,18.95663659945967
30,81,19.354725169473767
30,83,19.752813739487863
30,85,20.15090230950195
30,87,20.548990879516047
30,89,20.947079449530136
30,91,21.345168019544232
30,93,21.743256589558328
30,95,22.141345159572417
30,97,22.539433729586513
30,99,22.9375222996006
31,20,8.695855755389694
31,22,9.093944325403786
31,24,9.49203289541788
31,26,9.890121465431973
31,28,10.288210035446065
31,30,10.68629860546016
31,32,11.084387175474253
31,34,11.482475745488346
31,36,11.880564315502438
31,38,12.278652885516532
31,40,12.676741455530626
31,42,13.074830025544719
31,44,13.472918595558811
31,46,13.871007165572903
31,48,14.269095735586996
31,50,14.667184305601092
31,52,15.065272875615184
31,54,15.463361445629277
31,56,15.861450015643369
31,58,16.259538585657467
31,61,16.856671440678603
31,63,17.2547600106927
31,65,17.652848580706788
31,67,18.050937150720884
31,69,18.449025720734973
31,71,18.84711429074907
31,73,19.245202860763165
31,75,19.643291430777253
31,77,20.04138000079135
31,79,20.439468570805438
31,81,20.837557140819534
31,83,21.23564571083363
31,85,21.63373428084772
31,87,22.031822850861815
31,89,22.429911420875904
31,91,22.82799999089
31,93,23.226088560904095
31,95,23.624177130918184
31,97,24.02226570093228
31,99,24.42035427094637
32,20,8.468795010160635
32,22,8.866883580174727
32,24,9.26497215018882
32,26,9.663060720202914
32,28,10.061149290217006
32,30,10.4592378602311
32,32,10.857326430245193
32,34,11.255415000259287
32,36,11.65350357027338
32,38,12.051592140287473
32,40,12.449680710301566
32,42,12.84776928031566
32,44,13.245857850329754
32,46,13.643946420343847
32,48,14.042034990357939
32,50,14.440123560372033
32,52,14.838212130386125
32,54,15.23630070040022
32,56,15.634389270414312
32,58,16.032477840428406
32,61,16.629610695449543
32,63,17.02769926546364
32,65,17.42578783547773
32,67,17.823876405491824
32,69,18.22196497550592
32,71,18.62005354552001
32,73,19.018142115534104
32,75,19.416230685548193
32,77,19.81431925556229
32,79,20.212407825576385
32,81,20.610496395590474
32,83,21.00858496560457
32,85,21.40667353561866
32,87,21.804762105632754
32,89,22.202850675646843
32,91,22.60093924566094
32,93,22.999027815675035
32,95,23.397116385689124
32,97,23.79520495570322
32,99,24.19329352571731
33,20,6.7554629881859976
33,22,7.153551558200091
33,24,7.551640128214183
33,26,7.9497286982282755
33,28,8.34781726824237
33,30,8.745905838256462
33,32,9.143994408270556
33,34,9.542082978284649
33,36,9.940171548298743
33,38,10.338260118312835
33,40,10.73634868832693
33,42,11.134437258341022
33,44,11.532525828355116
33,46,11.930614398369208
33,48,12.3287029683833
33,50,12.726791538397395
33,52,13.124880108411487
33,54,13.522968678425581
33,56,13.921057248439674
33,58,14.319145818453768
33,61,14.916278673474906
33,63,15.314367243489
33,65,15.712455813503093
33,67,16.110544383517187
33,69,16.50863295353128
33,71,16.90672152354537
33,73,17.304810093559468
33,75,17.702898663573556
33,77,18.100987233587652
33,79,18.499075803601748
33,81,18.897164373615837
33,83,19.295252943629933
33,85,19.69334151364402
33,87,20.091430083658118
33,89,20.489518653672206
33,91,20.887607223686302
33,93,21.2856957937004
33,95,21.683784363714487
33,97,22.081872933728583
33,99,22.479961503742672
34,20,6.878058368737182
34,22,7.2761469387512765
34,24,7.674235508765369
34,26,8.072324078779461
34,28,8.470412648793555
34,30,8.868501218807648
34,32,9.266589788821742
34,34,9.664678358835834
34,36,10.062766928849928
34,38,10.46085549886402
34,40,10.858944068878115
34,42,11.257032638892207
34,44,11.655121208906301
34,46,12.053209778920394
34,48,12.451298348934486
34,50,12.84938691894858
34,52,13.247475488962673
34,54,13.645564058976767
34,56,14.04365262899086
34,58,14.441741199004953
34,61,15.038874054026092
34,63,15.436962624040186
34,65,15.835051194054278
34,67,16.233139764068373
34,69,16.631228334082465
34,71,17.02931690409656
34,73,17.42740547411065
34,75,17.825494044124746
34,77,18.223582614138834
34,79,18.62167118415293
34,81,19.01975975416702
34,83,19.417848324181115
34,85,19.81593689419521
34,87,20.2140254642093
34,89,20.612114034223396
34,91,21.010202604237485
34,93,21.40829117425158
34,95,21.806379744265676
34,97,22.204468314279765
34,99,22.60255688429386
35,20,6.547718960264094
35,22,6.945807530278188
35,24,7.34389610029228
35,26,7.7419846703063735
35,28,8.140073240320467
35,30,8.538161810334561
35,32,8.936250380348653
35,34,9.334338950362746
35,36,9.73242752037684
35,38,10.130516090390932
35,40,10.528604660405026
35,42,10.926693230419119
35,44,11.324781800433213
35,46,11.722870370447305
35,48,12.120958940461398
35,50,12.519047510475492
35,52,12.917136080489584
35,54,13.315224650503678
35,56,13.71331322051777
35,58,14.111401790531865
35,61,14.708534645553003
35,63,15.106623215567097
35,65,15.50471178558119
35,67,15.902800355595284
35,69,16.300888925609378
35,71,16.69897749562347
35,73,17.097066065637563
35,75,17.49515463565165
35,77,17.893243205665748
35,79,18.291331775679843
35,81,18.689420345693932
35,83,19.087508915708028
35,85,19.485597485722117
35,87,19.883686055736213
35,89,20.2817746257503
35,91,20.679863195764398
35,93,21.077951765778494
35,95,21.476040335792582
35,97,21.87412890580668
35,99,22.272217475820767
36,20,8.009154246335582
36,22,8.407242816349674
36,24,8.805331386363767
36,26,9.20341995637786
36,28,9.601508526391953
36,30,9.999597096406047
36,32,10.39768566642014
36,34,10.795774236434234
36,36,11.193862806448326
36,38,11.59195137646242
36,40,11.990039946476513
36,42,12.388128516490607
36,44,12.786217086504701
36,46,13.184305656518793
36,48,13.582394226532886
36,50,13.98048279654698
36,52,14.378571366561072
36,54,14.776659936575166
36,56,15.174748506589259
36,58,15.572837076603353
36,61,16.169969931624493
36,63,16.568058501638586
36,65,16.966147071652678
36,67,17.364235641666774
36,69,17.762324211680863
36,71,18.16041278169496
36,73,18.558501351709047
36,75,18.956589921723143
36,77,19.35467849173724
36,79,19.752767061751328
36,81,20.150855631765424
36,83,20.54894420177952
36,85,20.94703277179361
36,87,21.345121341807705
36,89,21.743209911821793
36,91,22.14129848183589
36,93,22.539387051849985
36,95,22.937475621864074
36,97,23.33556419187817
36,99,23.73365276189226
37,20,8.0789525169648
37,22,8.477041086978893
37,24,8.875129656992986
37,26,9.27321822700708
37,28,9.671306797021172
37,30,10.069395367035266
37,32,10.46748393704936
37,34,10.865572507063453
37,36,11.263661077077545
37,38,11.66174964709164
37,40,12.059838217105733
37,42,12.457926787119826
37,44,12.85601535713392
37,46,13.254103927148012
37,48,13.652192497162105
37,50,14.050281067176199
37,52,14.448369637190291
37,54,14.846458207204385
37,56,15.244546777218478
37,58,15.642635347232572
37,61,16.23976820225371
37,63,16.637856772267803
37,65,17.0359453422819
37,67,17.43403391229599
37,69,17.832122482310083
37,71,18.23021105232418
37,73,18.628299622338268
37,75,19.026388192352364
37,77,19.424476762366453
37,79,19.82256533238055
37,81,20.220653902394638
37,83,20.618742472408734
37,85,21.01683104242283
37,87,21.41491961243692
37,89,21.813008182451014
37,91,22.211096752465103
37,93,22.6091853224792
37,95,23.007273892493295
37,97,23.405362462507384
37,99,23.80345103252148
38,20,8.43277244183814
38,22,8.830861011852232
38,24,9.228949581866324
38,26,9.627038151880418
38,28,10.02512672189451
38,30,10.423215291908605
38,32,10.821303861922697
38,34,11.219392431936791
38,36,11.617481001950884
38,38,12.015569571964978
38,40,12.41365814197907
38,42,12.811746711993164
38,44,13.209835282007258
38,46,13.60792385202135
38,48,14.006012422035443
38,50,14.404100992049537
38,52,14.80218956206363
38,54,15.200278132077724
38,56,15.598366702091816
38,58,15.99645527210591
38,61,16.59358812712705
38,63,16.991676697141145
38,65,17.389765267155234
38,67,17.78785383716933
38,69,18.18594240718342
38,71,18.584030977197514
38,73,18.98211954721161
38,75,19.3802081172257
38,77,19.778296687239795
38,79,20.176385257253884
38,81,20.57447382726798
38,83,20.972562397282076
38,85,21.370650967296164
38,87,21.76873953731026
38,89,22.16682810732435
38,91,22.564916677338445
38,93,22.96300524735254
38,95,23.36109381736663
38,97,23.759182387380726
38,99,24.157270957394815
39,20,7.3366242919568005
39,22,7.734712861970895
39,24,8.132801431984987
39,26,8.53089000199908
39,28,8.928978572013174
39,30,9.327067142027266
39,32,9.72515571204136
39,34,10.123244282055452
39,36,10.521332852069547
39,38,10.919421422083639
39,40,11.317509992097733
39,42,11.715598562111825
39,44,12.11368713212592
39,46,12.511775702140012
39,48,12.909864272154104
39,50,13.307952842168199
39,52,13.70604141218229
39,54,14.104129982196385
39,56,14.502218552210477
39,58,14.900307122224572
39,61,15.49743997724571
39,63,15.895528547259804
39,65,16.293617117273897
39,67,16.691705687287993
39,69,17.08979425730208
39,71,17.487882827316177
39,73,17.885971397330266
39,75,18.284059967344362
39,77,18.682148537358458
39,79,19.080237107372547
39,81,19.478325677386643
39,83,19.87641424740074
39,85,20.274502817414827
39,87,20.672591387428923
39,89,21.070679957443012
39,91,21.468768527457108
39,93,21.866857097471204
39,95,22.264945667485293
39,97,22.66303423749939
39,99,23.061122807513478
40,20,7.2816950795492135
40,22,7.679783649563307
40,24,8.077872219577399
40,26,8.475960789591493
40,28,8.874049359605586
40,30,9.27213792961968
40,32,9.670226499633772
40,34,10.068315069647866
40,36,10.466403639661959
40,38,10.864492209676053
40,40,11.262580779690145
40,42,11.660669349704238
40,44,12.058757919718332
40,46,12.456846489732424
40,48,12.854935059746516
40,50,13.25302362976061
40,52,13.651112199774703
40,54,14.049200769788797
40,56,14.44728933980289
40,58,14.845377909816984
40,61,15.442510764838122
40,63,15.840599334852216
40,65,16.23868790486631
40,67,16.636776474880403
40,69,17.034865044894495
40,71,17.43295361490859
40,73,17.83104218492268
40,75,18.229130754936776
40,77,18.627219324950865
40,79,19.02530789496496
40,81,19.42339646497905
40,83,19.821485034993152
40,85,20.21957360500724
40,87,20.617662175021337
40,89,21.015750745035426
40,91,21.413839315049522
40,93,21.811927885063618
40,95,22.210016455077707
40,97,22.608105025091803
40,99,23.00619359510589
41,20,7.8726893742178365
41,22,8.27077794423193
41,24,8.668866514246023
41,26,9.066955084260115
41,28,9.46504365427421
41,30,9.863132224288302
41,32,10.261220794302394
41,34,10.659309364316488
41,36,11.057397934330583
41,38,11.455486504344675
41,40,11.853575074358767
41,42,12.25166364437286
41,44,12.649752214386954
41,46,13.047840784401046
41,48,13.445929354415139
41,50,13.844017924429233
41,52,14.242106494443325
41,54,14.64019506445742
41,56,15.038283634471512
41,58,15.436372204485606
41,61,16.033505059506744
41,63,16.43159362952084
41,65,16.82968219953493
41,67,17.227770769549025
41,69,17.625859339563114
41,71,18.02394790957721
41,73,18.422036479591306
41,75,18.820125049605394
41,77,19.21821361961949
41,79,19.61630218963358
41,81,20.014390759647675
41,83,20.41247932966177
41,85,20.810567899675867
41,87,21.208656469689956
41,89,21.60674503970405
41,91,22.00483360971814
41,93,22.402922179732236
41,95,22.801010749746332
41,97,23.19909931976042
41,99,23.597187889774517
42,20,8.728795539955984
42,22,9.126884109970078
42,24,9.524972679984169
42,26,9.923061249998263
42,28,10.321149820012357
42,30,10.71923839002645
42,32,11.117326960040542
42,34,11.515415530054636
42,36,11.91350410006873
42,38,12.311592670082822
42,40,12.709681240096915
42,42,13.107769810111007
42,44,13.505858380125103
42,46,13.903946950139195
42,48,14.302035520153288
42,50,14.70012409016738
42,52,15.098212660181472
42,54,15.496301230195568
42,56,15.89438980020966
42,58,16.292478370223755
42,61,16.88961122524489
42,63,17.287699795258987
42,65,17.685788365273076
42,67,18.083876935287172
42,69,18.481965505301268
42,71,18.880054075315357
42,73,19.278142645329453
42,75,19.67623121534354
42,77,20.074319785357638
42,79,20.472408355371734
42,81,20.870496925385822
42,83,21.26858549539992
42,85,21.666674065414007
42,87,22.064762635428103
42,89,22.462851205442192
42,91,22.860939775456288
42,93,23.259028345470384
42,95,23.657116915484472
42,97,24.05520548549857
42,99,24.453294055512657
43,20,7.5809103999560525
43,22,7.978998969970146
43,24,8.377087539984238
43,26,8.77517610999833
43,28,9.173264680012425
43,30,9.571353250026517
43,32,9.969441820040611
43,34,10.367530390054705
43,36,10.765618960068798
43,38,11.16370753008289
43,40,11.561796100096984
43,42,11.959884670111077
43,44,12.35797324012517
43,46,12.756061810139263
43,48,13.154150380153355
43,50,13.55223895016745
43,52,13.950327520181542
43,54,14.348416090195636
43,56,14.746504660209728
43,58,15.144593230223823
43,61,15.741726085244961
43,63,16.139814655259055
43,65,16.537903225273148
43,67,16.935991795287244
43,69,17.334080365301332
43,71,17.73216893531543
43,73,18.130257505329517
43,75,18.528346075343613
43,77,18.92643464535771
43,79,19.324523215371798
43,81,19.722611785385894
43,83,20.12070035539999
43,85,20.51878892541408
43,87,20.916877495428174
43,89,21.314966065442263
43,91,21.71305463545636
43,93,22.111143205470455
43,95,22.509231775484544
43,97,22.90732034549864
43,99,23.30540891551273
44,20,7.097894463528771
44,22,7.495983033542863
44,24,7.894071603556956
44,26,8.29216017357105
44,28,8.690248743585142
44,30,9.088337313599236
44,32,9.486425883613329
44,34,9.884514453627423
44,36,10.282603023641515
44,38,10.68069159365561
44,40,11.078780163669702
44,42,11.476868733683796
44,44,11.87495730369789
44,46,12.273045873711983
44,48,12.671134443726075
44,50,13.069223013740169
44,52,13.467311583754261
44,54,13.865400153768356
44,56,14.263488723782448
44,58,14.661577293796542
44,61,15.25871014881768
44,63,15.656798718831775
44,65,16.05488728884587
44,67,16.45297585885996
44,69,16.851064428874054
44,71,17.24915299888815
44,73,17.64724156890224
44,75,18.045330138916334
44,77,18.443418708930423
44,79,18.84150727894452
44,81,19.239595848958608
44,83,19.637684418972704
44,85,20.0357729889868
44,87,20.43386155900089
44,89,20.831950129014984
44,91,21.230038699029073
44,93,21.62812726904317
44,95,22.026215839057265
44,97,22.424304409071354
44,99,22.82239297908545
45,20,7.900617946834105
45,22,8.298706516848199
45,24,8.696795086862291
45,26,9.094883656876384
45,28,9.492972226890478
45,30,9.89106079690457
45,32,10.289149366918664
45,34,10.687237936932757
45,36,11.085326506946851
45,38,11.483415076960943
45,40,11.881503646975037
45,42,12.279592216989128
45,44,12.677680787003222
45,46,13.075769357017315
45,48,13.473857927031407
45,50,13.871946497045501
45,52,14.270035067059593
45,54,14.668123637073688
45,56,15.06621220708778
45,58,15.464300777101874
45,61,16.061433632123013
45,63,16.45952220213711
45,65,16.857610772151197
45,67,17.255699342165293
45,69,17.65378791217939
45,71,18.051876482193478
45,73,18.449965052207574
45,75,18.848053622221663
45,77,19.24614219223576
45,79,19.644230762249855
45,81,20.042319332263943
45,83,20.44040790227804
45,85,20.838496472292135
45,87,21.236585042306224
45,89,21.63467361232032
45,91,22.03276218233441
45,93,22.430850752348505
45,95,22.8289393223626
45,97,23.22702789237669
45,99,23.625116462390785
46,20,7.7196743214369565
46,22,8.11776289145105
46,24,8.515851461465143
46,26,8.913940031479235
46,28,9.312028601493328
46,30,9.710117171507422
46,32,10.108205741521514
46,34,10.506294311535608
46,36,10.904382881549703
46,38,11.302471451563795
46,40,11.700560021577887
46,42,12.098648591591981
46,44,12.496737161606076
46,46,12.894825731620168
46,48,13.29291430163426
46,50,13.691002871648354
46,52,14.089091441662447
46,54,14.487180011676541
46,56,14.885268581690633
46,58,15.283357151704728
46,61,15.880490006725866
46,63,16.27857857673996
46,65,16.676667146754053
46,67,17.074755716768145
46,69,17.47284428678224
46,71,17.87093285679633
46,73,18.269021426810426
46,75,18.667109996824514
46,77,19.06519856683861
46,79,19.463287136852706
46,81,19.861375706866795
46,83,20.25946427688089
46,85,20.65755284689498
46,87,21.055641416909076
46,89,21.453729986923165
46,91,21.85181855693726
46,93,22.249907126951356
46,95,22.647995696965445
46,97,23.04608426697954
46,99,23.44417283699363
47,20,8.490660446732013
47,22,8.888749016746106
47,24,9.286837586760198
47,26,9.684926156774292
47,28,10.083014726788385
47,30,10.481103296802479
47,32,10.879191866816571
47,34,11.277280436830665
47,36,11.675369006844758
47,38,12.073457576858852
47,40,12.471546146872944
47,42,12.869634716887036
47,44,13.26772328690113
47,46,13.665811856915223
47,48,14.063900426929315
47,50,14.46198899694341
47,52,14.860077566957502
47,54,15.258166136971596
47,56,15.656254706985688
47,58,16.05434327699978
47,61,16.65147613202092
47,63,17.049564702035013
47,65,17.44765327204911
47,67,17.845741842063205
47,69,18.243830412077294
47,71,18.64191898209139
47,73,19.04000755210548
47,75,19.438096122119575
47,77,19.83618469213367
47,79,20.23427326214776
47,81,20.632361832161855
47,83,21.03045040217595
47,85,21.42853897219004
47,87,21.826627542204136
47,89,22.224716112218225
47,91,22.62280468223232
47,93,23.020893252246417
47,95,23.418981822260506
47,97,23.8170703922746
47,99,24.21515896228869
48,20,7.276938271074578
48,22,7.6750268410886715
48,24,8.073115411102764
48,26,8.471203981116858
48,28,8.86929255113095
48,30,9.267381121145043
48,32,9.665469691159137
48,34,10.06355826117323
48,36,10.461646831187323
48,38,10.859735401201418
48,40,11.25782397121551
48,42,11.655912541229602
48,44,12.054001111243696
48,46,12.452089681257789
48,48,12.850178251271881
48,50,13.248266821285975
48,52,13.646355391300068
48,54,14.044443961314162
48,56,14.442532531328254
48,58,14.840621101342348
48,61,15.437753956363487
48,63,15.835842526377581
48,65,16.23393109639167
48,67,16.632019666405768
48,69,17.03010823641986
48,71,17.428196806433952
48,73,17.82628537644805
48,75,18.224373946462137
48,77,18.622462516476233
48,79,19.020551086490322
48,81,19.418639656504418
48,83,19.816728226518514
48,85,20.214816796532602
48,87,20.6129053665467
48,89,21.010993936560787
48,91,21.409082506574883
48,93,21.80717107658898
48,95,22.205259646603068
48,97,22.603348216617164
48,99,23.001436786631253
49,20,8.41537407341514
49,22,8.813462643429233
49,24,9.211551213443325
49,26,9.60963978345742
49,28,10.007728353471512
49,30,10.405816923485606
49,32,10.8039054934997
49,34,11.201994063513792
49,36,11.600082633527885
49,38,11.998171203541979
49,40,12.396259773556073
49,42,12.794348343570164
49,44,13.192436913584258
49,46,13.59052548359835
49,48,13.988614053612443
49,50,14.386702623626537
49,52,14.784791193640629
49,54,15.182879763654723
49,56,15.580968333668816
49,58,15.97905690368291
49,61,16.576189758704047
49,63,16.974278328718142
49,65,17.372366898732235
49,67,17.770455468746327
49,69,18.168544038760423
49,71,18.566632608774512
49,73,18.964721178788608
49,75,19.362809748802697
49,77,19.760898318816793
49,79,20.15898688883089
49,81,20.557075458844977
49,83,20.955164028859073
49,85,21.35325259887317
49,87,21.751341168887258
49,89,22.149429738901354
49,91,22.547518308915443
49,93,22.94560687892954
49,95,23.343695448943635
49,97,23.741784018957723
49,99,24.13987258897182
50,20,7.512974519957218
50,22,7.911063089971312
50,24,8.309151659985403
50,26,8.707240229999497
50,28,9.105328800013591
50,30,9.503417370027684
50,32,9.901505940041778
50,34,10.29959451005587
50,36,10.697683080069963
50,38,11.095771650084057
50,40,11.493860220098151
50,42,11.891948790112243
50,44,12.290037360126338
50,46,12.68812593014043
50,48,13.086214500154522
50,50,13.484303070168616
50,52,13.882391640182709
50,54,14.280480210196803
50,56,14.678568780210895
50,58,15.07665735022499
50,61,15.673790205246128
50,63,16.071878775260224
50,65,16.469967345274313
50,67,16.86805591528841
50,69,17.2661444853025
50,71,17.664233055316593
50,73,18.06232162533069
50,75,18.460410195344778
50,77,18.858498765358874
50,79,19.256587335372963
50,81,19.65467590538706
50,83,20.052764475401155
50,85,20.450853045415244
50,87,20.84894161542934
50,89,21.24703018544343
50,91,21.645118755457524
50,93,22.04320732547162
50,95,22.44129589548571
50,97,22.839384465499805
50,99,23.237473035513894
51,20,7.231752129927695
51,22,7.629840699941788
51,24,8.02792926995588
51,26,8.426017839969973
51,28,8.824106409984067
51,30,9.22219497999816
51,32,9.620283550012253
51,34,10.018372120026347
51,36,10.41646069004044
51,38,10.814549260054532
51,40,11.212637830068626
51,42,11.610726400082717
51,44,12.008814970096813
51,46,12.406903540110905
51,48,12.804992110124997
51,50,13.20308068013909
51,52,13.601169250153182
51,54,13.999257820167278
51,56,14.39734639018137
51,58,14.795434960195463
51,61,15.392567815216603
51,63,15.790656385230696
51,65,16.188744955244786
51,67,16.586833525258882
51,69,16.984922095272978
51,71,17.383010665287067
51,73,17.781099235301163
51,75,18.17918780531525
51,77,18.577276375329348
51,79,18.975364945343443
51,81,19.373453515357532
51,83,19.771542085371628
51,85,20.169630655385724
51,87,20.567719225399813
51,89,20.96580779541391
51,91,21.363896365427998
51,93,21.761984935442094
51,95,22.16007350545619
51,97,22.55816207547028
51,99,22.956250645484374
52,20,8.220307056158358
52,22,8.61839562617245
52,24,9.016484196186543
52,26,9.414572766200637
52,28,9.81266133621473
52,30,10.210749906228823
52,32,10.608838476242918
52,34,11.00692704625701
52,36,11.405015616271102
52,38,11.803104186285196
52,40,12.20119275629929
52,42,12.599281326313383
52,44,12.997369896327475
52,46,13.395458466341568
52,48,13.79354703635566
52,50,14.191635606369754
52,52,14.589724176383847
52,54,14.98781274639794
52,56,15.385901316412033
52,58,15.783989886426127
52,61,16.381122741447264
52,63,16.77921131146136
52,65,17.177299881475452
52,67,17.575388451489545
52,69,17.97347702150364
52,71,18.37156559151773
52,73,18.769654161531825
52,75,19.167742731545914
52,77,19.56583130156001
52,79,19.963919871574106
52,81,20.362008441588195
52,83,20.76009701160229
52,85,21.158185581616387
52,87,21.556274151630475
52,89,21.95436272164457
52,91,22.35245129165866
52,93,22.750539861672756
52,95,23.148628431686852
52,97,23.54671700170094
52,99,23.944805571715037
53,20,6.72034340405348
53,22,7.118431974067573
53,24,7.516520544081666
53,26,7.914609114095759
53,28,8.312697684109853
53,30,8.710786254123946
53,32,9.108874824138038
53,34,9.506963394152132
53,36,9.905051964166226
53,38,10.303140534180319
53,40,10.701229104194413
53,42,11.099317674208505
53,44,11.4974062442226
53,46,11.895494814236692
53,48,12.293583384250784
53,50,12.691671954264878
53,52,13.08976052427897
53,54,13.487849094293065
53,56,13.885937664307157
53,58,14.284026234321251
53,61,14.88115908934239
53,63,15.279247659356484
53,65,15.677336229370576
53,67,16.07542479938467
53,69,16.473513369398763
53,71,16.871601939412855
53,73,17.26969050942695
53,75,17.66777907944104
53,77,18.065867649455136
53,79,18.463956219469225
53,81,18.86204478948332
53,83,19.260133359497416
53,85,19.658221929511512
53,87,20.0563104995256
53,89,20.454399069539697
53,91,20.852487639553786
53,93,21.250576209567882
53,95,21.648664779581978
53,97,22.046753349596067
53,99,22.444841919610163
54,20,8.78778266590229
54,22,9.185871235916384
54,24,9.583959805930474
54,26,9.982048375944569
54,28,10.380136945958663
54,30,10.778225515972755
54,32,11.176314085986848
54,34,11.574402656000942
54,36,11.972491226015036
54,38,12.370579796029128
54,40,12.76866836604322
54,42,13.166756936057313
54,44,13.564845506071407
54,46,13.9629340760855
54,48,14.361022646099592
54,50,14.759111216113686
54,52,15.157199786127778
54,54,15.555288356141872
54,56,15.953376926155965
54,58,16.351465496170057
54,61,16.948598351191198
54,63,17.34668692120529
54,65,17.744775491219386
54,67,18.142864061233475
54,69,18.54095263124757
54,71,18.939041201261666
54,73,19.337129771275755
54,75,19.73521834128985
54,77,20.13330691130394
54,79,20.531395481318036
54,81,20.929484051332125
54,83,21.327572621346228
54,85,21.725661191360317
54,87,22.123749761374413
54,89,22.5218383313885
54,91,22.919926901402597
54,93,23.318015471416693
54,95,23.716104041430782
54,97,24.114192611444878
54,99,24.512281181458967
55,20,7.876438023888365
55,22,8.27452659390246
55,24,8.672615163916552
55,26,9.070703733930646
55,28,9.468792303944738
55,30,9.866880873958833
55,32,10.264969443972925
55,34,10.663058013987017
55,36,11.061146584001111
55,38,11.459235154015206
55,40,11.857323724029298
55,42,12.25541229404339
55,44,12.653500864057483
55,46,13.051589434071575
55,48,13.449678004085667
55,50,13.847766574099763
55,52,14.245855144113856
55,54,14.643943714127948
55,56,15.04203228414204
55,58,15.440120854156136
55,61,16.03725370917727
55,63,16.435342279191367
55,65,16.833430849205463
55,67,17.231519419219552
55,69,17.629607989233648
55,71,18.027696559247744
55,73,18.425785129261833
55,75,18.82387369927593
55,77,19.221962269290017
55,79,19.620050839304113
55,81,20.018139409318202
55,83,20.416227979332305
55,85,20.814316549346394
55,87,21.21240511936049
55,89,21.61049368937458
55,91,22.008582259388675
55,93,22.40667082940277
55,95,22.80475939941686
55,97,23.202847969430955
55,99,23.600936539445044
56,20,7.248273478255965
56,22,7.646362048270058
56,24,8.04445061828415
56,26,8.442539188298243
56,28,8.840627758312337
56,30,9.23871632832643
56,32,9.636804898340523
56,34,10.034893468354616
56,36,10.43298203836871
56,38,10.831070608382802
56,40,11.229159178396896
56,42,11.627247748410989
56,44,12.025336318425083
56,46,12.423424888439175
56,48,12.821513458453268
56,50,13.219602028467362
56,52,13.617690598481454
56,54,14.015779168495548
56,56,14.41386773850964
56,58,14.811956308523735
56,61,15.409089163544873
56,63,15.807177733558968
56,65,16.20526630357306
56,67,16.603354873587154
56,69,17.001443443601246
56,71,17.399532013615342
56,73,17.79762058362943
56,75,18.195709153643527
56,77,18.593797723657616
56,79,18.991886293671712
56,81,19.3899748636858
56,83,19.788063433699897
56,85,20.186152003713993
56,87,20.58424057372808
56,89,20.982329143742177
56,91,21.380417713756266
56,93,21.778506283770362
56,95,22.176594853784458
56,97,22.574683423798547
56,99,22.972771993812643
57,20,6.855045920401992
57,22,7.253134490416084
57,24,7.651223060430176
57,26,8.04931163044427
57,28,8.447400200458363
57,30,8.845488770472457
57,32,9.24357734048655
57,34,9.641665910500643
57,36,10.039754480514736
57,38,10.43784305052883
57,40,10.835931620542922
57,42,11.234020190557015
57,44,11.632108760571109
57,46,12.030197330585201
57,48,12.428285900599294
57,50,12.826374470613388
57,52,13.22446304062748
57,54,13.622551610641574
57,56,14.020640180655667
57,58,14.41872875066976
57,61,15.0158616056909
57,63,15.413950175704993
57,65,15.812038745719086
57,67,16.21012731573318
57,69,16.60821588574727
57,71,17.006304455761367
57,73,17.40439302577546
57,75,17.80248159578955
57,77,18.200570165803647
57,79,18.598658735817736
57,81,18.996747305831832
57,83,19.394835875845928
57,85,19.792924445860017
57,87,20.191013015874113
57,89,20.5891015858882
57,91,20.987190155902297
57,93,21.385278725916393
57,95,21.783367295930482
57,97,22.181455865944578
57,99,22.579544435958667
58,20,7.868274465508746
58,22,8.266363035522838
58,24,8.66445160553693
58,26,9.062540175551025
58,28,9.460628745565117
58,30,9.858717315579211
58,32,10.256805885593304
58,34,10.654894455607398
58,36,11.05298302562149
58,38,11.451071595635584
58,40,11.849160165649677
58,42,12.247248735663769
58,44,12.645337305677863
58,46,13.043425875691955
58,48,13.441514445706048
58,50,13.839603015720142
58,52,14.237691585734234
58,54,14.635780155748328
58,56,15.03386872576242
58,58,15.431957295776515
58,61,16.029090150797654
58,63,16.427178720811746
58,65,16.825267290825842
58,67,17.223355860839934
58,69,17.621444430854027
58,71,18.019533000868122
58,73,18.41762157088221
58,75,18.815710140896307
58,77,19.213798710910403
58,79,19.611887280924492
58,81,20.009975850938588
58,83,20.408064420952684
58,85,20.806152990966773
58,87,21.20424156098087
58,89,21.602330130994957
58,91,22.000418701009053
58,93,22.39850727102315
58,95,22.796595841037238
58,97,23.194684411051334
58,99,23.592772981065423
59,20,6.608052442032527
59,22,7.006141012046621
59,24,7.404229582060713
59,26,7.802318152074806
59,28,8.2004067220889
59,30,8.598495292102992
59,32,8.996583862117086
59,34,9.394672432131179
59,36,9.792761002145273
59,38,10.190849572159365
59,40,10.58893814217346
59,42,10.987026712187552
59,44,11.385115282201646
59,46,11.783203852215738
59,48,12.18129242222983
59,50,12.579380992243925
59,52,12.977469562258017
59,54,13.375558132272111
59,56,13.773646702286204
59,58,14.171735272300298
59,61,14.768868127321436
59,63,15.16695669733553
59,65,15.565045267349623
59,67,15.963133837363717
59,69,16.36122240737781
59,71,16.759310977391905
59,73,17.157399547405994
59,75,17.55548811742009
59,77,17.953576687434186
59,79,18.351665257448275
59,81,18.749753827462364
59,83,19.14784239747646
59,85,19.545930967490555
59,87,19.944019537504644
59,89,20.34210810751874
59,91,20.74019667753283
59,93,21.138285247546925
59,95,21.53637381756102
59,97,21.93446238757511
59,99,22.332550957589206
60,20,7.723301043516649
60,22,8.121389613530743
60,24,8.519478183544836
60,26,8.917566753558928
60,28,9.315655323573022
60,30,9.713743893587115
60,32,10.111832463601209
60,34,10.509921033615301
60,36,10.908009603629395
60,38,11.306098173643488
60,40,11.704186743657582
60,42,12.102275313671674
60,44,12.500363883685768
60,46,12.89845245369986
60,48,13.296541023713953
60,50,13.694629593728047
60,52,14.09271816374214
60,54,14.490806733756234
60,56,14.888895303770326
60,58,15.28698387378442
60,61,15.884116728805559
60,63,16.282205298819655
60,65,16.680293868833743
60,67,17.07838243884784
60,69,17.476471008861928
60,71,17.874559578876024
60,73,18.27264814889012
60,75,18.67073671890421
60,77,19.068825288918305
60,79,19.466913858932394
60,81,19.86500242894649
60,83,20.263090998960585
60,85,20.661179568974674
60,87,21.05926813898877
60,89,21.45735670900286
60,91,21.855445279016955
60,93,22.25353384903105
60,95,22.65162241904514
60,97,23.049710989059236
60,99,23.447799559073324
61,20,8.062506186141327
61,22,8.460594756155421
61,24,8.858683326169514
61,26,9.256771896183606
61,28,9.6548604661977
61,30,10.052949036211793
61,32,10.451037606225887
61,34,10.849126176239979
61,36,11.247214746254073
61,38,11.645303316268166
61,40,12.04339188628226
61,42,12.44148045629635
61,44,12.839569026310444
61,46,13.237657596324537
61,48,13.63574616633863
61,50,14.033834736352723
61,52,14.431923306366816
61,54,14.83001187638091
61,56,15.228100446395002
61,58,15.626189016409096
61,61,16.223321871430237
61,63,16.62141044144433
61,65,17.01949901145842
61,67,17.417587581472517
61,69,17.815676151486606
61,71,18.213764721500702
61,73,18.611853291514798
61,75,19.009941861528887
61,77,19.408030431542983
61,79,19.80611900155707
61,81,20.204207571571168
61,83,20.602296141585263
61,85,21.00038471159936
61,87,21.398473281613448
61,89,21.796561851627544
61,91,22.194650421641633
61,93,22.59273899165573
61,95,22.990827561669825
61,97,23.388916131683914
61,99,23.78700470169801
62,20,6.8706852875449735
62,22,7.268773857559068
62,24,7.66686242757316
62,26,8.064950997587253
62,28,8.463039567601346
62,30,8.86112813761544
62,32,9.259216707629534
62,34,9.657305277643626
62,36,10.055393847657719
62,38,10.453482417671813
62,40,10.851570987685905
62,42,11.249659557699998
62,44,11.647748127714092
62,46,12.045836697728184
62,48,12.443925267742276
62,50,12.84201383775637
62,52,13.240102407770463
62,54,13.638190977784557
62,56,14.03627954779865
62,58,14.434368117812744
62,61,15.031500972833882
62,63,15.429589542847976
62,65,15.827678112862069
62,67,16.225766682876163
62,69,16.623855252890255
62,71,17.021943822904348
62,73,17.420032392918444
62,75,17.818120962932532
62,77,18.21620953294663
62,79,18.614298102960724
62,81,19.012386672974813
62,83,19.41047524298891
62,85,19.808563813002998
62,87,20.206652383017094
62,89,20.604740953031182
62,91,21.00282952304528
62,93,21.400918093059374
62,95,21.799006663073463
62,97,22.19709523308756
62,99,22.595183803101648
63,20,8.521287508054188
63,22,8.919376078068282
63,24,9.317464648082375
63,26,9.715553218096467
63,28,10.113641788110561
63,30,10.511730358124654
63,32,10.909818928138748
63,34,11.30790749815284
63,36,11.705996068166934
63,38,12.104084638181027
63,40,12.50217320819512
63,42,12.900261778209211
63,44,13.298350348223305
63,46,13.696438918237398
63,48,14.09452748825149
63,50,14.492616058265584
63,52,14.890704628279677
63,54,15.28879319829377
63,56,15.686881768307863
63,58,16.08497033832196
63,61,16.682103193343096
63,63,17.080191763357192
63,65,17.47828033337128
63,67,17.876368903385377
63,69,18.274457473399472
63,71,18.67254604341356
63,73,19.070634613427657
63,75,19.468723183441746
63,77,19.866811753455842
63,79,20.264900323469938
63,81,20.662988893484027
63,83,21.061077463498123
63,85,21.45916603351222
63,87,21.857254603526307
63,89,22.255343173540403
63,91,22.653431743554492
63,93,23.051520313568588
63,95,23.449608883582684
63,97,23.847697453596773
63,99,24.24578602361087
64,20,6.940004396574751
64,22,7.338092966588844
64,24,7.7361815366029365
64,26,8.13427010661703
64,28,8.532358676631123
64,30,8.930447246645217
64,32,9.32853581665931
64,34,9.726624386673404
64,36,10.124712956687496
64,38,10.52280152670159
64,40,10.920890096715683
64,42,11.318978666729775
64,44,11.717067236743869
64,46,12.115155806757961
64,48,12.513244376772054
64,50,12.911332946786148
64,52,13.30942151680024
64,54,13.707510086814334
64,56,14.105598656828427
64,58,14.503687226842521
64,61,15.10082008186366
64,63,15.498908651877754
64,65,15.896997221891846
64,67,16.29508579190594
64,69,16.693174361920033
64,71,17.091262931934125
64,73,17.48935150194822
64,75,17.88744007196231
64,77,18.285528641976406
64,79,18.683617211990494
64,81,19.08170578200459
64,83,19.479794352018686
64,85,19.877882922032775
64,87,20.27597149204687
64,89,20.67406006206096
64,91,21.072148632075056
64,93,21.47023720208915
64,95,21.86832577210324
64,97,22.266414342117336
64,99,22.664502912131425
65,20,8.914137435618361
65,22,9.312226005632455
65,24,9.710314575646548
65,26,10.10840314566064
65,28,10.506491715674734
65,30,10.904580285688827
65,32,11.30266885570292
65,34,11.700757425717013
65,36,12.098845995731107
65,38,12.4969345657452
65,40,12.895023135759294
65,42,13.293111705773386
65,44,13.69120027578748
65,46,14.089288845801573
65,48,14.487377415815665
65,50,14.885465985829759
65,52,15.283554555843851
65,54,15.681643125857946
65,56,16.079731695872038
65,58,16.47782026588613
65,61,17.07495312090727
65,63,17.473041690921363
65,65,17.87113026093546
65,67,18.269218830949548
65,69,18.667307400963644
65,71,19.06539597097774
65,73,19.46348454099183
65,75,19.861573111005924
65,77,20.259661681020013
65,79,20.65775025103411
65,81,21.055838821048198
65,83,21.453927391062294
65,85,21.85201596107639
65,87,22.25010453109048
65,89,22.648193101104575
65,91,23.046281671118663
65,93,23.44437024113276
65,95,23.842458811146855
65,97,24.240547381160944
65,99,24.63863595117504
66,20,7.471505655077551
66,22,7.869594225091644
66,24,8.267682795105737
66,26,8.66577136511983
66,28,9.063859935133923
66,30,9.461948505148017
66,32,9.86003707516211
66,34,10.258125645176202
66,36,10.656214215190296
66,38,11.05430278520439
66,40,11.452391355218483
66,42,11.850479925232575
66,44,12.24856849524667
66,46,12.646657065260761
66,48,13.044745635274854
66,50,13.442834205288948
66,52,13.84092277530304
66,54,14.239011345317135
66,56,14.637099915331227
66,58,15.035188485345321
66,61,15.63232134036646
66,63,16.030409910380556
66,65,16.428498480394644
66,67,16.82658705040874
66,69,17.224675620422833
66,71,17.622764190436925
66,73,18.02085276045102
66,75,18.41894133046511
66,77,18.817029900479206
66,79,19.215118470493294
66,81,19.61320704050739
66,83,20.011295610521486
66,85,20.409384180535582
66,87,20.80747275054967
66,89,21.205561320563767
66,91,21.603649890577856
66,93,22.00173846059195
66,95,22.399827030606048
66,97,22.797915600620136
66,99,23.196004170634232
67,20,6.8572980547859315
67,22,7.255386624800025
67,24,7.653475194814117
67,26,8.05156376482821
67,28,8.449652334842304
67,30,8.847740904856398
67,32,9.24582947487049
67,34,9.643918044884582
67,36,10.042006614898677
67,38,10.440095184912769
67,40,10.838183754926863
67,42,11.236272324940956
67,44,11.63436089495505
67,46,12.032449464969142
67,48,12.430538034983234
67,50,12.828626604997329
67,52,13.226715175011421
67,54,13.624803745025515
67,56,14.022892315039607
67,58,14.420980885053702
67,61,15.01811374007484
67,63,15.416202310088934
67,65,15.814290880103027
67,67,16.21237945011712
67,69,16.610468020131215
67,71,17.008556590145307
67,73,17.4066451601594
67,75,17.80473373017349
67,77,18.202822300187584
67,79,18.60091087020168
67,81,18.99899944021577
67,83,19.397088010229865
67,85,19.795176580243954
67,87,20.19326515025805
67,89,20.59135372027214
67,91,20.989442290286235
67,93,21.38753086030033
67,95,21.78561943031442
67,97,22.183708000328515
67,99,22.581796570342604
68,20,8.364597380283065
68,22,8.762685950297158
68,24,9.16077452031125
68,26,9.558863090325344
68,28,9.956951660339437
68,30,10.35504023035353
68,32,10.753128800367625
68,34,11.151217370381717
68,36,11.54930594039581
68,38,11.947394510409904
68,40,12.345483080423998
68,42,12.743571650438088
68,44,13.141660220452183
68,46,13.539748790466275
68,48,13.937837360480367
68,50,14.335925930494462
68,52,14.734014500508554
68,54,15.132103070522648
68,56,15.53019164053674
68,58,15.928280210550835
68,61,16.525413065571975
68,63,16.923501635586067
68,65,17.32159020560016
68,67,17.719678775614256
68,69,18.117767345628344
68,71,18.51585591564244
68,73,18.91394448565653
68,75,19.312033055670625
68,77,19.71012162568472
68,79,20.10821019569881
68,81,20.506298765712906
68,83,20.904387335727
68,85,21.30247590574109
68,87,21.700564475755186
68,89,22.098653045769275
68,91,22.49674161578337
68,93,22.894830185797467
68,95,23.292918755811556
68,97,23.69100732582565
68,99,24.08909589583974
69,20,7.571560715434876
69,22,7.96964928544897
69,24,8.367737855463062
69,26,8.765826425477155
69,28,9.163914995491249
69,30,9.562003565505341
69,32,9.960092135519435
69,34,10.35818070553353
69,36,10.756269275547622
69,38,11.154357845561714
69,40,11.552446415575808
69,42,11.9505349855899
69,44,12.348623555603995
69,46,12.746712125618087
69,48,13.14480069563218
69,50,13.542889265646274
69,52,13.940977835660366
69,54,14.33906640567446
69,56,14.737154975688552
69,58,15.135243545702647
69,61,15.732376400723785
69,63,16.13046497073788
69,65,16.52855354075197
69,67,16.926642110766068
69,69,17.324730680780156
69,71,17.722819250794252
69,73,18.12090782080834
69,75,18.518996390822437
69,77,18.917084960836533
69,79,19.315173530850622
69,81,19.713262100864718
69,83,20.111350670878807
69,85,20.509439240892902
69,87,20.90752781090699
69,89,21.305616380921087
69,91,21.703704950935176
69,93,22.101793520949272
69,95,22.499882090963368
69,97,22.897970660977457
69,99,23.296059230991553
70,20,8.448435032388755
70,22,8.846523602402847
70,24,9.24461217241694
70,26,9.642700742431034
70,28,10.040789312445126
70,30,10.43887788245922
70,32,10.836966452473314
70,34,11.235055022487407
70,36,11.633143592501499
70,38,12.031232162515593
70,40,12.429320732529687
70,42,12.82740930254378
70,44,13.225497872557872
70,46,13.623586442571964
70,48,14.021675012586057
70,50,14.419763582600153
70,52,14.817852152614245
70,54,15.215940722628337
70,56,15.61402929264243
70,58,16.012117862656524
70,61,16.60925071767766
70,63,17.007339287691757
70,65,17.405427857705853
70,67,17.80351642771994
70,69,18.201604997734037
70,71,18.599693567748133
70,73,18.997782137762222
70,75,19.395870707776318
70,77,19.793959277790407
70,79,20.192047847804503
70,81,20.59013641781859
70,83,20.988224987832687
70,85,21.386313557846783
70,87,21.784402127860872
70,89,22.182490697874968
70,91,22.580579267889057
70,93,22.978667837903153
70,95,23.37675640791725
70,97,23.774844977931338
70,99,24.172933547945433
71,20,6.781569365209163
71,22,7.179657935223256
71,24,7.577746505237347
71,26,7.975835075251441
71,28,8.373923645265535
71,30,8.772012215279627
71,32,9.17010078529372
71,34,9.568189355307814
71,36,9.966277925321908
71,38,10.364366495336
71,40,10.762455065350094
71,42,11.160543635364187
71,44,11.55863220537828
71,46,11.956720775392373
71,48,12.354809345406466
71,50,12.75289791542056
71,52,13.150986485434652
71,54,13.549075055448746
71,56,13.947163625462839
71,58,14.345252195476933
71,61,14.942385050498071
71,63,15.340473620512165
71,65,15.738562190526258
71,67,16.136650760540352
71,69,16.534739330554444
71,71,16.93282790056854
71,73,17.33091647058263
71,75,17.729005040596725
71,77,18.12709361061082
71,79,18.52518218062491
71,81,18.923270750639006
71,83,19.321359320653094
71,85,19.71944789066719
71,87,20.11753646068128
71,89,20.515625030695375
71,91,20.913713600709464
71,93,21.31180217072356
71,95,21.709890740737656
71,97,22.107979310751745
71,99,22.50606788076584
72,20,7.772090494023805
72,22,8.1701790640379
72,24,8.568267634051992
72,26,8.966356204066084
72,28,9.364444774080177
72,30,9.76253334409427
72,32,10.160621914108363
72,34,10.558710484122457
72,36,10.956799054136551
72,38,11.354887624150644
72,40,11.752976194164736
72,42,12.151064764178829
72,44,12.549153334192924
72,46,12.947241904207017
72,48,13.34533047422111
72,50,13.743419044235202
72,52,14.141507614249294
72,54,14.53959618426339
72,56,14.937684754277482
72,58,15.335773324291575
72,61,15.932906179312715
72,63,16.330994749326806
72,65,16.7290833193409
72,67,17.127171889354997
72,69,17.525260459369086
72,71,17.923349029383182
72,73,18.32143759939727
72,75,18.719526169411367
72,77,19.117614739425463
72,79,19.51570330943955
72,81,19.913791879453647
72,83,20.311880449467743
72,85,20.709969019481832
72,87,21.108057589495928
72,89,21.506146159510017
72,91,21.904234729524113
72,93,22.30232329953821
72,95,22.700411869552298
72,97,23.098500439566394
72,99,23.496589009580482
73,20,7.187534792824535
73,22,7.585623362838629
73,24,7.983711932852722
73,26,8.381800502866815
73,28,8.77988907288091
73,30,9.177977642895002
73,32,9.576066212909094
73,34,9.974154782923188
73,36,10.37224335293728
73,38,10.770331922951375
73,40,11.168420492965467
73,42,11.56650906297956
73,44,11.964597632993653
73,46,12.362686203007746
73,48,12.760774773021838
73,50,13.158863343035932
73,52,13.556951913050025
73,54,13.955040483064119
73,56,14.353129053078211
73,58,14.751217623092305
73,61,15.348350478113444
73,63,15.746439048127538
73,65,16.14452761814163
73,67,16.542616188155726
73,69,16.940704758169815
73,71,17.33879332818391
73,73,17.736881898198
73,75,18.134970468212096
73,77,18.53305903822619
73,79,18.93114760824028
73,81,19.329236178254376
73,83,19.727324748268472
73,85,20.12541331828256
73,87,20.523501888296657
73,89,20.921590458310746
73,91,21.319679028324842
73,93,21.717767598338938
73,95,22.115856168353027
73,97,22.513944738367123
73,99,22.91203330838121
74,20,7.7181792601077674
74,22,8.116267830121862
74,24,8.514356400135954
74,26,8.912444970150046
74,28,9.31053354016414
74,30,9.708622110178233
74,32,10.106710680192327
74,34,10.50479925020642
74,36,10.902887820220514
74,38,11.300976390234606
74,40,11.6990649602487
74,42,12.09715353026279
74,44,12.495242100276885
74,46,12.893330670290977
74,48,13.29141924030507
74,50,13.689507810319164
74,52,14.087596380333256
74,54,14.48568495034735
74,56,14.883773520361443
74,58,15.281862090375537
74,61,15.878994945396675
74,63,16.27708351541077
74,65,16.67517208542486
74,67,17.073260655438958
74,69,17.471349225453046
74,71,17.869437795467142
74,73,18.26752636548124
74,75,18.665614935495327
74,77,19.063703505509423
74,79,19.461792075523512
74,81,19.859880645537608
74,83,20.257969215551704
74,85,20.656057785565793
74,87,21.05414635557989
74,89,21.452234925593977
74,91,21.850323495608073
74,93,22.24841206562217
74,95,22.646500635636258
74,97,23.044589205650354
74,99,23.442677775664443
75,20,8.687397894650688
75,22,9.085486464664783
75,24,9.483575034678875
75,26,9.88166360469297
75,28,10.279752174707061
75,30,10.677840744721154
75,32,11.075929314735248
75,34,11.474017884749342
75,36,11.872106454763435
75,38,12.270195024777527
75,40,12.668283594791621
75,42,13.066372164805712
75,44,13.464460734819808
75,46,13.8625493048339
75,48,14.260637874847992
75,50,14.658726444862085
75,52,15.056815014876177
75,54,15.454903584890273
75,56,15.852992154904365
75,58,16.25108072491846
75,61,16.848213579939596
75,63,17.246302149953692
75,65,17.64439071996778
75,67,18.042479289981877
75,69,18.440567859995973
75,71,18.83865643001006
75,73,19.236745000024158
75,75,19.634833570038246
75,77,20.032922140052342
75,79,20.431010710066438
75,81,20.829099280080527
75,83,21.227187850094623
75,85,21.62527642010872
75,87,22.023364990122808
75,89,22.421453560136904
75,91,22.819542130150992
75,93,23.21763070016509
75,95,23.615719270179184
75,97,24.013807840193273
75,99,24.41189641020737
76,20,7.434065774856648
76,22,7.832154344870741
76,24,8.230242914884833
76,26,8.628331484898926
76,28,9.02642005491302
76,30,9.424508624927112
76,32,9.822597194941206
76,34,10.220685764955299
76,36,10.618774334969393
76,38,11.016862904983485
76,40,11.41495147499758
76,42,11.813040045011672
76,44,12.211128615025766
76,46,12.609217185039858
76,48,13.00730575505395
76,50,13.405394325068045
76,52,13.803482895082137
76,54,14.201571465096231
76,56,14.599660035110324
76,58,14.997748605124418
76,61,15.594881460145556
76,63,15.99297003015965
76,65,16.391058600173743
76,67,16.78914717018784
76,69,17.187235740201928
76,71,17.585324310216023
76,73,17.983412880230112
76,75,18.38150145024421
76,77,18.779590020258304
76,79,19.177678590272393
76,81,19.57576716028649
76,83,19.973855730300585
76,85,20.371944300314674
76,87,20.77003287032877
76,89,21.16812144034286
76,91,21.566210010356954
76,93,21.96429858037105
76,95,22.36238715038514
76,97,22.760475720399235
76,99,23.158564290413324
77,20,6.685208723225245
77,22,7.0832972932393385
77,24,7.481385863253431
77,26,7.879474433267525
77,28,8.277563003281617
77,30,8.675651573295712
77,32,9.073740143309804
77,34,9.471828713323898
77,36,9.86991728333799
77,38,10.268005853352085
77,40,10.666094423366177
77,42,11.06418299338027
77,44,11.462271563394363
77,46,11.860360133408456
77,48,12.258448703422548
77,50,12.656537273436642
77,52,13.054625843450735
77,54,13.452714413464829
77,56,13.850802983478921
77,58,14.248891553493015
77,61,14.846024408514154
77,63,15.244112978528248
77,65,15.64220154854234
77,67,16.040290118556435
77,69,16.438378688570527
77,71,16.83646725858462
77,73,17.234555828598715
77,75,17.632644398612804
77,77,18.0307329686269
77,79,18.42882153864099
77,81,18.826910108655085
77,83,19.22499867866918
77,85,19.623087248683277
77,87,20.021175818697365
77,89,20.41926438871146
77,91,20.81735295872555
77,93,21.215441528739646
77,95,21.613530098753742
77,97,22.01161866876783
77,99,22.409707238781927
78,20,8.385556105821184
78,22,8.783644675835278
78,24,9.18173324584937
78,26,9.579821815863463
78,28,9.977910385877557
78,30,10.37599895589165
78,32,10.774087525905744
78,34,11.172176095919836
78,36,11.57026466593393
78,38,11.968353235948022
78,40,12.366441805962117
78,42,12.764530375976209
78,44,13.162618945990303
78,46,13.560707516004396
78,48,13.958796086018488
78,50,14.356884656032582
78,52,14.754973226046674
78,54,15.153061796060769
78,56,15.551150366074861
78,58,15.949238936088955
78,61,16.546371791110094
78,63,16.944460361124186
78,65,17.342548931138282
78,67,17.740637501152378
78,69,18.138726071166467
78,71,18.536814641180563
78,73,18.93490321119465
78,75,19.332991781208747
78,77,19.731080351222843
78,79,20.129168921236932
78,81,20.527257491251028
78,83,20.925346061265117
78,85,21.323434631279213
78,87,21.7215232012933
78,89,22.119611771307397
78,91,22.517700341321486
78,93,22.915788911335582
78,95,23.313877481349678
78,97,23.711966051363767
78,99,24.110054621377863
79,20,7.3540370923379355
79,22,7.752125662352029
79,24,8.150214232366121
79,26,8.548302802380213
79,28,8.946391372394308
79,30,9.344479942408402
79,32,9.742568512422494
79,34,10.140657082436588
79,36,10.53874565245068
79,38,10.936834222464773
79,40,11.334922792478867
79,42,11.733011362492958
79,44,12.131099932507054
79,46,12.529188502521146
79,48,12.927277072535238
79,50,13.32536564254933
79,52,13.723454212563423
79,54,14.121542782577519
79,56,14.519631352591611
79,58,14.917719922605704
79,61,15.514852777626844
79,63,15.912941347640936
79,65,16.311029917655027
79,67,16.709118487669123
79,69,17.10720705768322
79,71,17.505295627697308
79,73,17.903384197711404
79,75,18.301472767725492
79,77,18.69956133773959
79,79,19.097649907753684
79,81,19.495738477767773
79,83,19.89382704778187
79,85,20.291915617795965
79,87,20.690004187810054
79,89,21.08809275782415
79,91,21.48618132783824
79,93,21.884269897852334
79,95,22.28235846786643
79,97,22.68044703788052
79,99,23.078535607894615
80,20,8.408669478377101
80,22,8.806758048391195
80,24,9.204846618405288
80,26,9.60293518841938
80,28,10.001023758433474
80,30,10.399112328447567
80,32,10.79720089846166
80,34,11.195289468475753
80,36,11.593378038489847
80,38,11.99146660850394
80,40,12.389555178518034
80,42,12.787643748532126
80,44,13.185732318546219
80,46,13.583820888560311
80,48,13.981909458574403
80,50,14.379998028588497
80,52,14.77808659860259
80,54,15.176175168616684
80,56,15.574263738630776
80,58,15.97235230864487
80,61,16.56948516366601
80,63,16.967573733680105
80,65,17.365662303694194
80,67,17.76375087370829
80,69,18.161839443722386
80,71,18.559928013736474
80,73,18.95801658375057
80,75,19.35610515376466
80,77,19.754193723778755
80,79,20.15228229379285
80,81,20.55037086380694
80,83,20.948459433821036
80,85,21.34654800383513
80,87,21.74463657384922
80,89,22.142725143863316
80,91,22.540813713877405
80,93,22.9389022838915
80,95,23.336990853905597
80,97,23.735079423919686
80,99,24.13316799393378
81,20,7.378590886892207
81,22,7.7766794569063
81,24,8.174768026920393
81,26,8.572856596934486
81,28,8.970945166948578
81,30,9.369033736962672
81,32,9.767122306976765
81,34,10.165210876990859
81,36,10.563299447004953
81,38,10.961388017019045
81,40,11.359476587033138
81,42,11.757565157047232
81,44,12.155653727061326
81,46,12.553742297075418
81,48,12.95183086708951
81,50,13.349919437103605
81,52,13.748008007117697
81,54,14.146096577131791
81,56,14.544185147145884
81,58,14.942273717159978
81,61,15.539406572181116
81,63,15.93749514219521
81,65,16.335583712209303
81,67,16.733672282223395
81,69,17.13176085223749
81,71,17.52984942225158
81,73,17.927937992265676
81,75,18.326026562279765
81,77,18.72411513229386
81,79,19.122203702307957
81,81,19.520292272322045
81,83,19.91838084233614
81,85,20.316469412350237
81,87,20.714557982364326
81,89,21.112646552378422
81,91,21.51073512239251
81,93,21.908823692406607
81,95,22.306912262420703
81,97,22.70500083243479
81,99,23.103089402448887
82,20,6.871905159993602
82,22,7.2699937300076956
82,24,7.668082300021788
82,26,8.066170870035881
82,28,8.464259440049975
82,30,8.862348010064068
82,32,9.26043658007816
82,34,9.658525150092254
82,36,10.056613720106348
82,38,10.45470229012044
82,40,10.852790860134535
82,42,11.250879430148627
82,44,11.648968000162721
82,46,12.047056570176814
82,48,12.445145140190906
82,50,12.843233710205
82,52,13.241322280219093
82,54,13.639410850233187
82,56,14.03749942024728
82,58,14.435587990261373
82,61,15.032720845282512
82,63,15.430809415296606
82,65,15.828897985310698
82,67,16.226986555324793
82,69,16.625075125338885
82,71,17.023163695352977
82,73,17.421252265367073
82,75,17.819340835381162
82,77,18.217429405395258
82,79,18.615517975409347
82,81,19.013606545423443
82,83,19.41169511543754
82,85,19.809783685451627
82,87,20.207872255465723
82,89,20.605960825479812
82,91,21.004049395493908
82,93,21.402137965508004
82,95,21.800226535522093
82,97,22.19831510553619
82,99,22.596403675550278
83,20,8.360420595766076
83,22,8.75850916578017
83,24,9.156597735794263
83,26,9.554686305808355
83,28,9.952774875822449
83,30,10.350863445836541
83,32,10.748952015850636
83,34,11.147040585864728
83,36,11.545129155878822
83,38,11.943217725892914
83,40,12.341306295907009
83,42,12.739394865921101
83,44,13.137483435935195
83,46,13.535572005949287
83,48,13.93366057596338
83,50,14.331749145977474
83,52,14.729837715991566
83,54,15.12792628600566
83,56,15.526014856019753
83,58,15.924103426033847
83,61,16.521236281054986
83,63,16.919324851069078
83,65,17.317413421083174
83,67,17.715501991097263
83,69,18.11359056111136
83,71,18.511679131125454
83,73,18.909767701139543
83,75,19.30785627115364
83,77,19.705944841167728
83,79,20.104033411181824
83,81,20.502121981195913
83,83,20.90021055121001
83,85,21.298299121224105
83,87,21.696387691238193
83,89,22.09447626125229
83,91,22.492564831266378
83,93,22.890653401280474
83,95,23.28874197129457
83,97,23.68683054130866
83,99,24.084919111322755
84,20,8.381115689142533
84,22,8.779204259156625
84,24,9.177292829170717
84,26,9.575381399184812
84,28,9.973469969198904
84,30,10.371558539212998
84,32,10.769647109227092
84,34,11.167735679241185
84,36,11.565824249255277
84,38,11.963912819269371
84,40,12.362001389283465
84,42,12.760089959297558
84,44,13.158178529311652
84,46,13.556267099325744
84,48,13.954355669339837
84,50,14.35244423935393
84,52,14.750532809368023
84,54,15.148621379382117
84,56,15.54670994939621
84,58,15.944798519410304
84,61,16.541931374431442
84,63,16.940019944445538
84,65,17.338108514459627
84,67,17.736197084473723
84,69,18.13428565448781
84,71,18.532374224501908
84,73,18.930462794516004
84,75,19.328551364530092
84,77,19.72663993454419
84,79,20.124728504558277
84,81,20.522817074572373
84,83,20.92090564458647
84,85,21.318994214600558
84,87,21.717082784614654
84,89,22.115171354628743
84,91,22.51325992464284
84,93,22.911348494656934
84,95,23.309437064671023
84,97,23.70752563468512
84,99,24.105614204699208
85,20,7.115671621579627
85,22,7.51376019159372
85,24,7.911848761607812
85,26,8.309937331621905
85,28,8.708025901635999
85,30,9.106114471650091
85,32,9.504203041664185
85,34,9.902291611678278
85,36,10.300380181692372
85,38,10.698468751706464
85,40,11.096557321720558
85,42,11.49464589173465
85,44,11.892734461748745
85,46,12.290823031762837
85,48,12.68891160177693
85,50,13.087000171791024
85,52,13.485088741805116
85,54,13.88317731181921
85,56,14.281265881833303
85,58,14.679354451847397
85,61,15.276487306868535
85,63,15.67457587688263
85,65,16.072664446896724
85,67,16.470753016910816
85,69,16.86884158692491
85,71,17.266930156939004
85,73,17.665018726953093
85,75,18.06310729696719
85,77,18.461195866981278
85,79,18.859284436995374
85,81,19.257373007009463
85,83,19.655461577023566
85,85,20.053550147037654
85,87,20.45163871705175
85,89,20.84972728706584
85,91,21.247815857079935
85,93,21.64590442709403
85,95,22.04399299710812
85,97,22.442081567122216
85,99,22.840170137136305
86,20,7.852524155903024
86,22,8.250612725917117
86,24,8.64870129593121
86,26,9.046789865945303
86,28,9.444878435959396
86,30,9.84296700597349
86,32,10.241055575987582
86,34,10.639144146001675
86,36,11.037232716015769
86,38,11.435321286029863
86,40,11.833409856043955
86,42,12.231498426058048
86,44,12.629586996072142
86,46,13.027675566086234
86,48,13.425764136100327
86,50,13.82385270611442
86,52,14.221941276128513
86,54,14.620029846142607
86,56,15.0181184161567
86,58,15.416206986170794
86,61,16.013339841191932
86,63,16.411428411206025
86,65,16.80951698122012
86,67,17.207605551234213
86,69,17.605694121248305
86,71,18.0037826912624
86,73,18.40187126127649
86,75,18.799959831290586
86,77,19.198048401304675
86,79,19.59613697131877
86,81,19.99422554133286
86,83,20.392314111346955
86,85,20.79040268136105
86,87,21.18849125137514
86,89,21.586579821389236
86,91,21.984668391403325
86,93,22.38275696141742
86,95,22.780845531431517
86,97,23.178934101445606
86,99,23.5770226714597
87,20,8.22505017915252
87,22,8.623138749166614
87,24,9.021227319180706
87,26,9.419315889194799
87,28,9.817404459208893
87,30,10.215493029222985
87,32,10.61358159923708
87,34,11.011670169251172
87,36,11.409758739265266
87,38,11.807847309279358
87,40,12.205935879293452
87,42,12.604024449307543
87,44,13.002113019321637
87,46,13.40020158933573
87,48,13.798290159349822
87,50,14.196378729363916
87,52,14.594467299378008
87,54,14.992555869392103
87,56,15.390644439406195
87,58,15.78873300942029
87,61,16.385865864441428
87,63,16.783954434455524
87,65,17.182043004469612
87,67,17.58013157448371
87,69,17.978220144497804
87,71,18.376308714511893
87,73,18.77439728452599
87,75,19.172485854540078
87,77,19.570574424554174
87,79,19.96866299456827
87,81,20.36675156458236
87,83,20.764840134596454
87,85,21.16292870461055
87,87,21.56101727462464
87,89,21.959105844638735
87,91,22.357194414652824
87,93,22.75528298466692
87,95,23.153371554681016
87,97,23.551460124695105
87,99,23.9495486947092
88,20,7.083120348025867
88,22,7.48120891803996
88,24,7.8792974880540525
88,26,8.277386058068146
88,28,8.675474628082238
88,30,9.073563198096332
88,32,9.471651768110425
88,34,9.869740338124519
88,36,10.267828908138613
88,38,10.665917478152705
88,40,11.064006048166798
88,42,11.46209461818089
88,44,11.860183188194986
88,46,12.258271758209078
88,48,12.65636032822317
88,50,13.054448898237263
88,52,13.452537468251355
88,54,13.850626038265451
88,56,14.248714608279544
88,58,14.646803178293636
88,61,15.243936033314776
88,63,15.642024603328869
88,65,16.04011317334296
88,67,16.438201743357055
88,69,16.83629031337115
88,71,17.23437888338524
88,73,17.632467453399336
88,75,18.030556023413425
88,77,18.42864459342752
88,79,18.826733163441617
88,81,19.224821733455705
88,83,19.6229103034698
88,85,20.020998873483897
88,87,20.419087443497986
88,89,20.817176013512082
88,91,21.21526458352617
88,93,21.613353153540267
88,95,22.011441723554363
88,97,22.40953029356845
88,99,22.807618863582547
89,20,8.895414512643615
89,22,9.29350308265771
89,24,9.691591652671802
89,26,10.089680222685894
89,28,10.487768792699988
89,30,10.88585736271408
89,32,11.283945932728175
89,34,11.682034502742267
89,36,12.080123072756361
89,38,12.478211642770454
89,40,12.876300212784548
89,42,13.27438878279864
89,44,13.672477352812734
89,46,14.070565922826827
89,48,14.468654492840919
89,50,14.866743062855013
89,52,15.264831632869106
89,54,15.6629202028832
89,56,16.061008772897292
89,58,16.459097342911384
89,61,17.056230197932525
89,63,17.454318767946617
89,65,17.852407337960713
89,67,18.25049590797481
89,69,18.648584477988898
89,71,19.046673048002994
89,73,19.444761618017083
89,75,19.84285018803118
89,77,20.240938758045274
89,79,20.639027328059363
89,81,21.03711589807346
89,83,21.435204468087548
89,85,21.833293038101644
89,87,22.231381608115733
89,89,22.62947017812983
89,91,23.027558748143917
89,93,23.425647318158013
89,95,23.82373588817211
89,97,24.221824458186198
89,99,24.619913028200294
90,20,8.275323621322997
90,22,8.67341219133709
90,24,9.071500761351182
90,26,9.469589331365276
90,28,9.867677901379368
90,30,10.265766471393462
90,32,10.663855041407556
90,34,11.061943611421649
90,36,11.460032181435741
90,38,11.858120751449835
90,40,12.25620932146393
90,42,12.65429789147802
90,44,13.052386461492114
90,46,13.450475031506206
90,48,13.848563601520299
90,50,14.246652171534393
90,52,14.644740741548485
90,54,15.04282931156258
90,56,15.440917881576672
90,58,15.839006451590766
90,61,16.436139306611906
90,63,16.834227876626
90,65,17.23231644664009
90,67,17.630405016654187
90,69,18.028493586668276
90,71,18.42658215668237
90,73,18.82467072669646
90,75,19.222759296710556
90,77,19.620847866724652
90,79,20.01893643673874
90,81,20.417025006752837
90,83,20.815113576766933
90,85,21.213202146781022
90,87,21.611290716795118
90,89,22.009379286809207
90,91,22.407467856823303
90,93,22.8055564268374
90,95,23.203644996851487
90,97,23.601733566865583
90,99,23.999822136879672
91,20,6.610691915688518
91,22,7.008780485702611
91,24,7.406869055716704
91,26,7.804957625730797
91,28,8.20304619574489
91,30,8.601134765758983
91,32,8.999223335773078
91,34,9.39731190578717
91,36,9.795400475801262
91,38,10.193489045815356
91,40,10.591577615829449
91,42,10.989666185843541
91,44,11.387754755857635
91,46,11.785843325871728
91,48,12.18393189588582
91,50,12.582020465899914
91,52,12.980109035914007
91,54,13.3781976059281
91,56,13.776286175942193
91,58,14.174374745956287
91,61,14.771507600977426
91,63,15.16959617099152
91,65,15.567684741005612
91,67,15.965773311019706
91,69,16.3638618810338
91,71,16.761950451047895
91,73,17.160039021061984
91,75,17.55812759107608
91,77,17.95621616109017
91,79,18.354304731104264
91,81,18.752393301118353
91,83,19.150481871132456
91,85,19.548570441146545
91,87,19.94665901116064
91,89,20.34474758117473
91,91,20.742836151188826
91,93,21.14092472120292
91,95,21.53901329121701
91,97,21.937101861231106
91,99,22.335190431245195
92,20,7.189190254108876
92,22,7.587278824122969
92,24,7.985367394137062
92,26,8.383455964151155
92,28,8.78154453416525
92,30,9.179633104179342
92,32,9.577721674193436
92,34,9.975810244207528
92,36,10.37389881422162
92,38,10.771987384235715
92,40,11.170075954249809
92,42,11.568164524263901
92,44,11.966253094277993
92,46,12.364341664292086
92,48,12.762430234306178
92,50,13.160518804320274
92,52,13.558607374334366
92,54,13.956695944348459
92,56,14.354784514362551
92,58,14.752873084376647
92,61,15.350005939397784
92,63,15.74809450941188
92,65,16.146183079425974
92,67,16.544271649440063
92,69,16.94236021945416
92,71,17.340448789468255
92,73,17.738537359482343
92,75,18.13662592949644
92,77,18.534714499510528
92,79,18.932803069524624
92,81,19.330891639538713
92,83,19.728980209552816
92,85,20.127068779566905
92,87,20.525157349581
92,89,20.92324591959509
92,91,21.321334489609185
92,93,21.71942305962328
92,95,22.11751162963737
92,97,22.515600199651466
92,99,22.913688769665555
93,20,7.5222231953051555
93,22,7.920311765319248
93,24,8.31840033533334
93,26,8.716488905347433
93,28,9.114577475361527
93,30,9.512666045375619
93,32,9.910754615389713
93,34,10.308843185403807
93,36,10.7069317554179
93,38,11.105020325431992
93,40,11.503108895446086
93,42,11.901197465460179
93,44,12.299286035474273
93,46,12.697374605488365
93,48,13.095463175502458
93,50,13.493551745516552
93,52,13.891640315530644
93,54,14.289728885544738
93,56,14.68781745555883
93,58,15.085906025572925
93,61,15.683038880594063
93,63,16.081127450608157
93,65,16.47921602062225
93,67,16.877304590636342
93,69,17.275393160650438
93,71,17.673481730664527
93,73,18.071570300678623
93,75,18.46965887069271
93,77,18.867747440706808
93,79,19.265836010720903
93,81,19.663924580734992
93,83,20.062013150749088
93,85,20.460101720763184
93,87,20.858190290777273
93,89,21.25627886079137
93,91,21.654367430805458
93,93,22.052456000819554
93,95,22.45054457083365
93,97,22.84863314084774
93,99,23.246721710861834
94,20,6.907798921050203
94,22,7.305887491064296
94,24,7.7039760610783885
94,26,8.102064631092482
94,28,8.500153201106574
94,30,8.898241771120668
94,32,9.296330341134762
94,34,9.694418911148855
94,36,10.092507481162947
94,38,10.490596051177041
94,40,10.888684621191134
94,42,11.286773191205228
94,44,11.684861761219322
94,46,12.082950331233414
94,48,12.481038901247507
94,50,12.8791274712616
94,52,13.277216041275693
94,54,13.675304611289787
94,56,14.07339318130388
94,58,14.471481751317974
94,61,15.068614606339112
94,63,15.466703176353207
94,65,15.864791746367299
94,67,16.26288031638139
94,69,16.660968886395487
94,71,17.05905745640958
94,73,17.457146026423672
94,75,17.85523459643776
94,77,18.253323166451857
94,79,18.651411736465953
94,81,19.04950030648004
94,83,19.447588876494137
94,85,19.845677446508226
94,87,20.243766016522322
94,89,20.64185458653641
94,91,21.039943156550507
94,93,21.438031726564603
94,95,21.83612029657869
94,97,22.234208866592788
94,99,22.632297436606876
95,20,8.057033920239146
95,22,8.455122490253238
95,24,8.85321106026733
95,26,9.251299630281425
95,28,9.649388200295517
95,30,10.047476770309611
95,32,10.445565340323705
95,34,10.843653910337798
95,36,11.24174248035189
95,38,11.639831050365984
95,40,12.037919620380078
95,42,12.43600819039417
95,44,12.834096760408263
95,46,13.232185330422356
95,48,13.630273900436448
95,50,14.028362470450544
95,52,14.426451040464636
95,54,14.824539610478729
95,56,15.222628180492821
95,58,15.620716750506917
95,61,16.217849605528052
95,63,16.615938175542148
95,65,17.014026745556244
95,67,17.412115315570333
95,69,17.81020388558443
95,71,18.208292455598524
95,73,18.606381025612613
95,75,19.00446959562671
95,77,19.402558165640798
95,79,19.800646735654894
95,81,20.198735305668983
95,83,20.596823875683086
95,85,20.994912445697175
95,87,21.39300101571127
95,89,21.79108958572536
95,91,22.189178155739455
95,93,22.58726672575355
95,95,22.98535529576764
95,97,23.383443865781736
95,99,23.781532435795825
96,20,8.237247368551929
96,22,8.635335938566023
96,24,9.033424508580115
96,26,9.431513078594207
96,28,9.829601648608302
96,30,10.227690218622394
96,32,10.625778788636488
96,34,11.023867358650582
96,36,11.421955928664675
96,38,11.820044498678767
96,40,12.218133068692861
96,42,12.616221638706952
96,44,13.014310208721048
96,46,13.41239877873514
96,48,13.810487348749232
96,50,14.208575918763325
96,52,14.606664488777417
96,54,15.004753058791513
96,56,15.402841628805605
96,58,15.800930198819698
96,61,16.398063053840836
96,63,16.796151623854932
96,65,17.19424019386902
96,67,17.592328763883117
96,69,17.990417333897213
96,71,18.3885059039113
96,73,18.786594473925398
96,75,19.184683043939486
96,77,19.582771613953582
96,79,19.98086018396768
96,81,20.378948753981767
96,83,20.777037323995863
96,85,21.17512589400996
96,87,21.573214464024048
96,89,21.971303034038144
96,91,22.369391604052232
96,93,22.76748017406633
96,95,23.165568744080424
96,97,23.563657314094513
96,99,23.96174588410861
97,20,8.09134350558665
97,22,8.489432075600742
97,24,8.887520645614835
97,26,9.285609215628929
97,28,9.683697785643021
97,30,10.081786355657115
97,32,10.479874925671208
97,34,10.877963495685302
97,36,11.276052065699394
97,38,11.674140635713488
97,40,12.07222920572758
97,42,12.470317775741673
97,44,12.868406345755767
97,46,13.26649491576986
97,48,13.664583485783952
97,50,14.062672055798046
97,52,14.460760625812139
97,54,14.858849195826233
97,56,15.256937765840325
97,58,15.65502633585442
97,61,16.25215919087556
97,63,16.650247760889652
97,65,17.048336330903744
97,67,17.44642490091784
97,69,17.84451347093193
97,71,18.242602040946025
97,73,18.640690610960114
97,75,19.03877918097421
97,77,19.436867750988306
97,79,19.834956321002394
97,81,20.23304489101649
97,83,20.631133461030586
97,85,21.029222031044675
97,87,21.42731060105877
97,89,21.82539917107286
97,91,22.223487741086956
97,93,22.62157631110105
97,95,23.01966488111514
97,97,23.417753451129236
97,99,23.815842021143325
98,20,7.265541172151183
98,22,7.663629742165276
98,24,8.06171831217937
98,26,8.459806882193462
98,28,8.857895452207554
98,30,9.255984022221648
98,32,9.65407259223574
98,34,10.052161162249835
98,36,10.450249732263929
98,38,10.848338302278021
98,40,11.246426872292114
98,42,11.644515442306208
98,44,12.042604012320302
98,46,12.440692582334394
98,48,12.838781152348487
98,50,13.23686972236258
98,52,13.634958292376673
98,54,14.033046862390767
98,56,14.43113543240486
98,58,14.829224002418954
98,61,15.426356857440092
98,63,15.824445427454187
98,65,16.22253399746828
98,67,16.62062256748237
98,69,17.018711137496467
98,71,17.41679970751056
98,73,17.814888277524652
98,75,18.21297684753874
98,77,18.611065417552837
98,79,19.009153987566933
98,81,19.40724255758102
98,83,19.805331127595117
98,85,20.203419697609213
98,87,20.601508267623302
98,89,20.999596837637398
98,91,21.397685407651487
98,93,21.795773977665583
98,95,22.19386254767968
98,97,22.591951117693768
98,99,22.990039687707863
99,20,7.531959996573642
99,22,7.930048566587736
99,24,8.328137136601828
99,26,8.72622570661592
99,28,9.124314276630015
99,30,9.522402846644107
99,32,9.920491416658201
99,34,10.318579986672294
99,36,10.716668556686388
99,38,11.11475712670048
99,40,11.512845696714574
99,42,11.910934266728667
99,44,12.309022836742761
99,46,12.707111406756853
99,48,13.105199976770946
99,50,13.50328854678504
99,52,13.901377116799132
99,54,14.299465686813226
99,56,14.697554256827319
99,58,15.095642826841413
99,61,15.692775681862551
99,63,16.090864251876646
99,65,16.488952821890738
99,67,16.88704139190483
99,69,17.285129961918926
99,71,17.683218531933015
99,73,18.08130710194711
99,75,18.4793956719612
99,77,18.877484241975296
99,79,19.27557281198939
99,81,19.67366138200348
99,83,20.071749952017576
99,85,20.469838522031672
99,87,20.86792709204576
99,89,21.266015662059857
99,91,21.664104232073946
99,93,22.062192802088042
99,95,22.460281372102138
99,97,22.858369942116227
99,99,23.256458512130322
