Building_Type,Year_Built,Floor_Area_m2,Orientation,Material,Insulation_Level,Solar_Potential_kWh_m2,Wind_Potential_m_s,Geothermal_Potential,Energy_Demand_kWh,Installation_Area_m2,Carbon_Reduction_%,Payback_Period_Years,Optimal_Solar_Utilization_%
Thatched_Hut,1950,63,East,Stone,High,4.123923454795733,2.797993079277974,0.7003013497411241,18464,66,39.48040146167303,5.363174543157945,18.870133852465614
Thatched_Hut,1949,59,South,Stone,High,5.5405935218252935,4.178333778033911,1.897218488895021,10780,90,39.94667351827152,9.80610551480103,18.631093840402
Thatched_Hut,1861,244,South,Timber,Medium,6.444959240535333,3.1008842210216017,1.0073464509759271,5716,91,36.66527535215596,7.5651984452723395,26.815771357999445
Brick_Cottage,1797,167,South,Brick,High,6.642572414116509,4.709744315285391,1.6052396836272562,6755,34,39.992238167742784,6.499788040402291,15.836609181882508
Thatched_Hut,1821,118,East,Thatch,Low,6.316333085285356,3.915051732261295,1.757599457138285,17764,87,38.833548040649205,5.676120777461725,26.6565330749322
Thatched_Hut,1832,230,South,Thatch,High,6.086401775794648,4.029933904459543,1.6388584694854926,6875,91,39.73169526217261,9.827911496552364,27.3952349353662
Wooden_House,1915,134,West,Thatch,High,4.772198290203675,2.6645518163393174,1.6305802648431944,7098,94,35.53011300391748,8.643993810094214,27.60411022734422
Wooden_House,1810,151,East,Thatch,Medium,4.670065701905008,3.387780641315459,1.2401100506200928,14321,98,23.70816549694747,5.967857407138098,28.044538592025127
Stone_Villa,1746,192,East,Stone,Medium,5.825668422328082,4.712406057734572,1.5208409992082568,5789,78,39.68021913518872,7.784102829359057,25.82777765235748
Wooden_House,1722,291,East,Brick,Medium,5.762752688564023,3.341603096649314,1.3733561732038797,16634,99,37.29180513802591,9.20951725094848,28.172354780699717
Stone_Villa,1833,96,North,Thatch,Medium,3.806273033734156,4.852455979749294,0.8731955956297219,5966,80,39.72958508490056,8.216383107351158,18.563673884825636
Stone_Villa,1988,263,East,Stone,Low,4.456570181738092,3.860724062806737,1.9386263634236047,11499,99,27.472028946038197,8.764407438929503,27.88067470777122
Wooden_House,1960,193,East,Thatch,Low,5.626644095057932,3.8575041327291753,0.903784609209958,17925,65,36.94371504138636,5.026373861853731,22.474852031213278
Stone_Villa,1878,98,West,Stone,High,5.33860327863829,4.617877656457689,0.5073026114832548,11696,92,36.57105740621433,5.536275349827792,23.586853441246657
Stone_Villa,1840,276,South,Stone,Medium,6.8206039319916725,3.3378666352763053,1.9703918117247483,16612,71,38.68398569027107,5.124836531355363,20.89555477106488
Wooden_House,1812,209,South,Thatch,High,6.626461916785596,3.141445656479108,0.6210046510867661,9541,98,39.57767976910053,7.433198701210557,23.35982680849404
Thatched_Hut,1710,62,West,Thatch,Medium,4.486079622551932,2.421641383986629,0.8098016059580095,17129,31,39.99122913465493,6.3203436332984175,13.59326652135168
Stone_Villa,1977,264,South,Timber,High,5.23744599256487,3.461636020765741,0.6754745695778863,8203,90,38.68737867609002,5.493534688977801,20.848679926808423
Thatched_Hut,1740,298,South,Timber,High,4.514336467985476,4.249861045407224,1.7081994245608805,18897,98,35.388620094593804,5.0771991394939535,23.37460700296466
Brick_Cottage,1986,61,North,Timber,Medium,3.74402857202158,4.587468865694903,1.4068611653873633,16979,20,39.91395682475098,5.368494788390128,13.293145775946916
Stone_Villa,1724,215,East,Timber,Low,4.005084548430927,3.037576573925808,1.2069826911576025,14804,83,32.921104695024155,5.018908517839145,24.2499668622096
Brick_Cottage,1914,115,North,Brick,High,7.095151558949391,4.0873849008222365,1.2402199971093166,11564,99,33.60905945310226,6.256116663065972,27.649372868509616
Brick_Cottage,1972,259,West,Stone,High,6.165071445916154,2.7575911689093333,1.8331197752207196,5329,95,37.6879023430182,5.431493184057764,22.29654857534452
Stone_Villa,1736,190,West,Brick,Low,4.008384960873757,3.17872800681468,0.6885588597681735,11300,94,39.61643364493423,5.522631512516568,22.190083047470328
Brick_Cottage,1779,163,East,Timber,High,5.459481906870979,4.031434900015007,1.4852228466326736,14580,95,13.407619521360246,5.007920325846092,25.6968042971162
Wooden_House,1849,175,West,Brick,Medium,4.77618029732896,3.3478044753969103,1.7616609634083051,6306,79,29.578402052420603,5.047498870837793,24.927464522261715
Thatched_Hut,1961,99,South,Stone,Medium,4.522974806193202,4.598551126607088,0.6200274046365191,5780,98,37.50419734224329,6.202998088253255,26.81467594788728
